comparison,ref,query,variable,value
CNAC_ref_longest_isoform_from0_to200_VS_geneid_RS_longest_isoform_from0_to200,CNAC_ref_longest_isoform_from0_to200,geneid_RS_longest_isoform_from0_to200,query_mrnas,17
CNAC_ref_longest_isoform_from0_to200_VS_geneid_S_longest_isoform_from0_to200,CNAC_ref_longest_isoform_from0_to200,geneid_S_longest_isoform_from0_to200,query_mrnas,14
CNAC_ref_longest_isoform_from0_to200_VS_geneid_simple_longest_isoform_from0_to200,CNAC_ref_longest_isoform_from0_to200,geneid_simple_longest_isoform_from0_to200,query_mrnas,14
geneid_S_longest_isoform_from0_to200_VS_CNAC_ref_longest_isoform_from0_to200,geneid_S_longest_isoform_from0_to200,CNAC_ref_longest_isoform_from0_to200,query_mrnas,29
CNAC_ref_longest_isoform_from0_to200_VS_geneid_R_longest_isoform_from0_to200,CNAC_ref_longest_isoform_from0_to200,geneid_R_longest_isoform_from0_to200,query_mrnas,15
geneid_RS_longest_isoform_from0_to200_VS_CNAC_ref_longest_isoform_from0_to200,geneid_RS_longest_isoform_from0_to200,CNAC_ref_longest_isoform_from0_to200,query_mrnas,29
geneid_S_longest_isoform_from0_to200_VS_geneid_RS_longest_isoform_from0_to200,geneid_S_longest_isoform_from0_to200,geneid_RS_longest_isoform_from0_to200,query_mrnas,17
geneid_S_longest_isoform_from0_to200_VS_geneid_R_longest_isoform_from0_to200,geneid_S_longest_isoform_from0_to200,geneid_R_longest_isoform_from0_to200,query_mrnas,15
geneid_RS_longest_isoform_from0_to200_VS_geneid_simple_longest_isoform_from0_to200,geneid_RS_longest_isoform_from0_to200,geneid_simple_longest_isoform_from0_to200,query_mrnas,14
geneid_R_longest_isoform_from0_to200_VS_CNAC_ref_longest_isoform_from0_to200,geneid_R_longest_isoform_from0_to200,CNAC_ref_longest_isoform_from0_to200,query_mrnas,29
geneid_R_longest_isoform_from0_to200_VS_geneid_S_longest_isoform_from0_to200,geneid_R_longest_isoform_from0_to200,geneid_S_longest_isoform_from0_to200,query_mrnas,14
geneid_S_longest_isoform_from0_to200_VS_geneid_simple_longest_isoform_from0_to200,geneid_S_longest_isoform_from0_to200,geneid_simple_longest_isoform_from0_to200,query_mrnas,14
geneid_RS_longest_isoform_from0_to200_VS_geneid_R_longest_isoform_from0_to200,geneid_RS_longest_isoform_from0_to200,geneid_R_longest_isoform_from0_to200,query_mrnas,15
geneid_R_longest_isoform_from0_to200_VS_geneid_RS_longest_isoform_from0_to200,geneid_R_longest_isoform_from0_to200,geneid_RS_longest_isoform_from0_to200,query_mrnas,17
geneid_R_longest_isoform_from0_to200_VS_geneid_simple_longest_isoform_from0_to200,geneid_R_longest_isoform_from0_to200,geneid_simple_longest_isoform_from0_to200,query_mrnas,14
geneid_RS_longest_isoform_from0_to200_VS_geneid_S_longest_isoform_from0_to200,geneid_RS_longest_isoform_from0_to200,geneid_S_longest_isoform_from0_to200,query_mrnas,14
geneid_simple_longest_isoform_from0_to200_VS_geneid_RS_longest_isoform_from0_to200,geneid_simple_longest_isoform_from0_to200,geneid_RS_longest_isoform_from0_to200,query_mrnas,17
geneid_simple_longest_isoform_from0_to200_VS_geneid_S_longest_isoform_from0_to200,geneid_simple_longest_isoform_from0_to200,geneid_S_longest_isoform_from0_to200,query_mrnas,14
geneid_simple_longest_isoform_from0_to200_VS_CNAC_ref_longest_isoform_from0_to200,geneid_simple_longest_isoform_from0_to200,CNAC_ref_longest_isoform_from0_to200,query_mrnas,29
geneid_simple_longest_isoform_from0_to200_VS_geneid_R_longest_isoform_from0_to200,geneid_simple_longest_isoform_from0_to200,geneid_R_longest_isoform_from0_to200,query_mrnas,15
CNAC_ref_longest_isoform_from0_to200_VS_geneid_RS_longest_isoform_from0_to200,CNAC_ref_longest_isoform_from0_to200,geneid_RS_longest_isoform_from0_to200,reference_mrnas,29
CNAC_ref_longest_isoform_from0_to200_VS_geneid_S_longest_isoform_from0_to200,CNAC_ref_longest_isoform_from0_to200,geneid_S_longest_isoform_from0_to200,reference_mrnas,29
CNAC_ref_longest_isoform_from0_to200_VS_geneid_simple_longest_isoform_from0_to200,CNAC_ref_longest_isoform_from0_to200,geneid_simple_longest_isoform_from0_to200,reference_mrnas,29
geneid_S_longest_isoform_from0_to200_VS_CNAC_ref_longest_isoform_from0_to200,geneid_S_longest_isoform_from0_to200,CNAC_ref_longest_isoform_from0_to200,reference_mrnas,14
CNAC_ref_longest_isoform_from0_to200_VS_geneid_R_longest_isoform_from0_to200,CNAC_ref_longest_isoform_from0_to200,geneid_R_longest_isoform_from0_to200,reference_mrnas,29
geneid_RS_longest_isoform_from0_to200_VS_CNAC_ref_longest_isoform_from0_to200,geneid_RS_longest_isoform_from0_to200,CNAC_ref_longest_isoform_from0_to200,reference_mrnas,17
geneid_S_longest_isoform_from0_to200_VS_geneid_RS_longest_isoform_from0_to200,geneid_S_longest_isoform_from0_to200,geneid_RS_longest_isoform_from0_to200,reference_mrnas,14
geneid_S_longest_isoform_from0_to200_VS_geneid_R_longest_isoform_from0_to200,geneid_S_longest_isoform_from0_to200,geneid_R_longest_isoform_from0_to200,reference_mrnas,14
geneid_RS_longest_isoform_from0_to200_VS_geneid_simple_longest_isoform_from0_to200,geneid_RS_longest_isoform_from0_to200,geneid_simple_longest_isoform_from0_to200,reference_mrnas,17
geneid_R_longest_isoform_from0_to200_VS_CNAC_ref_longest_isoform_from0_to200,geneid_R_longest_isoform_from0_to200,CNAC_ref_longest_isoform_from0_to200,reference_mrnas,15
geneid_R_longest_isoform_from0_to200_VS_geneid_S_longest_isoform_from0_to200,geneid_R_longest_isoform_from0_to200,geneid_S_longest_isoform_from0_to200,reference_mrnas,15
geneid_S_longest_isoform_from0_to200_VS_geneid_simple_longest_isoform_from0_to200,geneid_S_longest_isoform_from0_to200,geneid_simple_longest_isoform_from0_to200,reference_mrnas,14
geneid_RS_longest_isoform_from0_to200_VS_geneid_R_longest_isoform_from0_to200,geneid_RS_longest_isoform_from0_to200,geneid_R_longest_isoform_from0_to200,reference_mrnas,17
geneid_R_longest_isoform_from0_to200_VS_geneid_RS_longest_isoform_from0_to200,geneid_R_longest_isoform_from0_to200,geneid_RS_longest_isoform_from0_to200,reference_mrnas,15
geneid_R_longest_isoform_from0_to200_VS_geneid_simple_longest_isoform_from0_to200,geneid_R_longest_isoform_from0_to200,geneid_simple_longest_isoform_from0_to200,reference_mrnas,15
geneid_RS_longest_isoform_from0_to200_VS_geneid_S_longest_isoform_from0_to200,geneid_RS_longest_isoform_from0_to200,geneid_S_longest_isoform_from0_to200,reference_mrnas,17
geneid_simple_longest_isoform_from0_to200_VS_geneid_RS_longest_isoform_from0_to200,geneid_simple_longest_isoform_from0_to200,geneid_RS_longest_isoform_from0_to200,reference_mrnas,14
geneid_simple_longest_isoform_from0_to200_VS_geneid_S_longest_isoform_from0_to200,geneid_simple_longest_isoform_from0_to200,geneid_S_longest_isoform_from0_to200,reference_mrnas,14
geneid_simple_longest_isoform_from0_to200_VS_CNAC_ref_longest_isoform_from0_to200,geneid_simple_longest_isoform_from0_to200,CNAC_ref_longest_isoform_from0_to200,reference_mrnas,14
geneid_simple_longest_isoform_from0_to200_VS_geneid_R_longest_isoform_from0_to200,geneid_simple_longest_isoform_from0_to200,geneid_R_longest_isoform_from0_to200,reference_mrnas,14
CNAC_ref_longest_isoform_from0_to200_VS_geneid_RS_longest_isoform_from0_to200,CNAC_ref_longest_isoform_from0_to200,geneid_RS_longest_isoform_from0_to200,base_level_Se,0.0
CNAC_ref_longest_isoform_from0_to200_VS_geneid_S_longest_isoform_from0_to200,CNAC_ref_longest_isoform_from0_to200,geneid_S_longest_isoform_from0_to200,base_level_Se,0.0
CNAC_ref_longest_isoform_from0_to200_VS_geneid_simple_longest_isoform_from0_to200,CNAC_ref_longest_isoform_from0_to200,geneid_simple_longest_isoform_from0_to200,base_level_Se,0.0
geneid_S_longest_isoform_from0_to200_VS_CNAC_ref_longest_isoform_from0_to200,geneid_S_longest_isoform_from0_to200,CNAC_ref_longest_isoform_from0_to200,base_level_Se,0.0
CNAC_ref_longest_isoform_from0_to200_VS_geneid_R_longest_isoform_from0_to200,CNAC_ref_longest_isoform_from0_to200,geneid_R_longest_isoform_from0_to200,base_level_Se,0.0
geneid_RS_longest_isoform_from0_to200_VS_CNAC_ref_longest_isoform_from0_to200,geneid_RS_longest_isoform_from0_to200,CNAC_ref_longest_isoform_from0_to200,base_level_Se,0.0
geneid_S_longest_isoform_from0_to200_VS_geneid_RS_longest_isoform_from0_to200,geneid_S_longest_isoform_from0_to200,geneid_RS_longest_isoform_from0_to200,base_level_Se,100.0
geneid_S_longest_isoform_from0_to200_VS_geneid_R_longest_isoform_from0_to200,geneid_S_longest_isoform_from0_to200,geneid_R_longest_isoform_from0_to200,base_level_Se,94.5
geneid_RS_longest_isoform_from0_to200_VS_geneid_simple_longest_isoform_from0_to200,geneid_RS_longest_isoform_from0_to200,geneid_simple_longest_isoform_from0_to200,base_level_Se,78.5
geneid_R_longest_isoform_from0_to200_VS_CNAC_ref_longest_isoform_from0_to200,geneid_R_longest_isoform_from0_to200,CNAC_ref_longest_isoform_from0_to200,base_level_Se,0.0
geneid_R_longest_isoform_from0_to200_VS_geneid_S_longest_isoform_from0_to200,geneid_R_longest_isoform_from0_to200,geneid_S_longest_isoform_from0_to200,base_level_Se,89.1
geneid_S_longest_isoform_from0_to200_VS_geneid_simple_longest_isoform_from0_to200,geneid_S_longest_isoform_from0_to200,geneid_simple_longest_isoform_from0_to200,base_level_Se,87.9
geneid_RS_longest_isoform_from0_to200_VS_geneid_R_longest_isoform_from0_to200,geneid_RS_longest_isoform_from0_to200,geneid_R_longest_isoform_from0_to200,base_level_Se,84.1
geneid_R_longest_isoform_from0_to200_VS_geneid_RS_longest_isoform_from0_to200,geneid_R_longest_isoform_from0_to200,geneid_RS_longest_isoform_from0_to200,base_level_Se,93.9
geneid_R_longest_isoform_from0_to200_VS_geneid_simple_longest_isoform_from0_to200,geneid_R_longest_isoform_from0_to200,geneid_simple_longest_isoform_from0_to200,base_level_Se,93.8
geneid_RS_longest_isoform_from0_to200_VS_geneid_S_longest_isoform_from0_to200,geneid_RS_longest_isoform_from0_to200,geneid_S_longest_isoform_from0_to200,base_level_Se,84.4
geneid_simple_longest_isoform_from0_to200_VS_geneid_RS_longest_isoform_from0_to200,geneid_simple_longest_isoform_from0_to200,geneid_RS_longest_isoform_from0_to200,base_level_Se,93.5
geneid_simple_longest_isoform_from0_to200_VS_geneid_S_longest_isoform_from0_to200,geneid_simple_longest_isoform_from0_to200,geneid_S_longest_isoform_from0_to200,base_level_Se,88.4
geneid_simple_longest_isoform_from0_to200_VS_CNAC_ref_longest_isoform_from0_to200,geneid_simple_longest_isoform_from0_to200,CNAC_ref_longest_isoform_from0_to200,base_level_Se,0.0
geneid_simple_longest_isoform_from0_to200_VS_geneid_R_longest_isoform_from0_to200,geneid_simple_longest_isoform_from0_to200,geneid_R_longest_isoform_from0_to200,base_level_Se,100.0
CNAC_ref_longest_isoform_from0_to200_VS_geneid_RS_longest_isoform_from0_to200,CNAC_ref_longest_isoform_from0_to200,geneid_RS_longest_isoform_from0_to200,base_level_Pr,0.0
CNAC_ref_longest_isoform_from0_to200_VS_geneid_S_longest_isoform_from0_to200,CNAC_ref_longest_isoform_from0_to200,geneid_S_longest_isoform_from0_to200,base_level_Pr,0.0
CNAC_ref_longest_isoform_from0_to200_VS_geneid_simple_longest_isoform_from0_to200,CNAC_ref_longest_isoform_from0_to200,geneid_simple_longest_isoform_from0_to200,base_level_Pr,0.0
geneid_S_longest_isoform_from0_to200_VS_CNAC_ref_longest_isoform_from0_to200,geneid_S_longest_isoform_from0_to200,CNAC_ref_longest_isoform_from0_to200,base_level_Pr,0.0
CNAC_ref_longest_isoform_from0_to200_VS_geneid_R_longest_isoform_from0_to200,CNAC_ref_longest_isoform_from0_to200,geneid_R_longest_isoform_from0_to200,base_level_Pr,0.0
geneid_RS_longest_isoform_from0_to200_VS_CNAC_ref_longest_isoform_from0_to200,geneid_RS_longest_isoform_from0_to200,CNAC_ref_longest_isoform_from0_to200,base_level_Pr,0.0
geneid_S_longest_isoform_from0_to200_VS_geneid_RS_longest_isoform_from0_to200,geneid_S_longest_isoform_from0_to200,geneid_RS_longest_isoform_from0_to200,base_level_Pr,84.4
geneid_S_longest_isoform_from0_to200_VS_geneid_R_longest_isoform_from0_to200,geneid_S_longest_isoform_from0_to200,geneid_R_longest_isoform_from0_to200,base_level_Pr,89.1
geneid_RS_longest_isoform_from0_to200_VS_geneid_simple_longest_isoform_from0_to200,geneid_RS_longest_isoform_from0_to200,geneid_simple_longest_isoform_from0_to200,base_level_Pr,93.5
geneid_R_longest_isoform_from0_to200_VS_CNAC_ref_longest_isoform_from0_to200,geneid_R_longest_isoform_from0_to200,CNAC_ref_longest_isoform_from0_to200,base_level_Pr,0.0
geneid_R_longest_isoform_from0_to200_VS_geneid_S_longest_isoform_from0_to200,geneid_R_longest_isoform_from0_to200,geneid_S_longest_isoform_from0_to200,base_level_Pr,94.5
geneid_S_longest_isoform_from0_to200_VS_geneid_simple_longest_isoform_from0_to200,geneid_S_longest_isoform_from0_to200,geneid_simple_longest_isoform_from0_to200,base_level_Pr,88.4
geneid_RS_longest_isoform_from0_to200_VS_geneid_R_longest_isoform_from0_to200,geneid_RS_longest_isoform_from0_to200,geneid_R_longest_isoform_from0_to200,base_level_Pr,93.9
geneid_R_longest_isoform_from0_to200_VS_geneid_RS_longest_isoform_from0_to200,geneid_R_longest_isoform_from0_to200,geneid_RS_longest_isoform_from0_to200,base_level_Pr,84.1
geneid_R_longest_isoform_from0_to200_VS_geneid_simple_longest_isoform_from0_to200,geneid_R_longest_isoform_from0_to200,geneid_simple_longest_isoform_from0_to200,base_level_Pr,100.0
geneid_RS_longest_isoform_from0_to200_VS_geneid_S_longest_isoform_from0_to200,geneid_RS_longest_isoform_from0_to200,geneid_S_longest_isoform_from0_to200,base_level_Pr,100.0
geneid_simple_longest_isoform_from0_to200_VS_geneid_RS_longest_isoform_from0_to200,geneid_simple_longest_isoform_from0_to200,geneid_RS_longest_isoform_from0_to200,base_level_Pr,78.5
geneid_simple_longest_isoform_from0_to200_VS_geneid_S_longest_isoform_from0_to200,geneid_simple_longest_isoform_from0_to200,geneid_S_longest_isoform_from0_to200,base_level_Pr,87.9
geneid_simple_longest_isoform_from0_to200_VS_CNAC_ref_longest_isoform_from0_to200,geneid_simple_longest_isoform_from0_to200,CNAC_ref_longest_isoform_from0_to200,base_level_Pr,0.0
geneid_simple_longest_isoform_from0_to200_VS_geneid_R_longest_isoform_from0_to200,geneid_simple_longest_isoform_from0_to200,geneid_R_longest_isoform_from0_to200,base_level_Pr,93.8
CNAC_ref_longest_isoform_from0_to200_VS_geneid_RS_longest_isoform_from0_to200,CNAC_ref_longest_isoform_from0_to200,geneid_RS_longest_isoform_from0_to200,exon_level_Se,0.0
CNAC_ref_longest_isoform_from0_to200_VS_geneid_S_longest_isoform_from0_to200,CNAC_ref_longest_isoform_from0_to200,geneid_S_longest_isoform_from0_to200,exon_level_Se,0.0
CNAC_ref_longest_isoform_from0_to200_VS_geneid_simple_longest_isoform_from0_to200,CNAC_ref_longest_isoform_from0_to200,geneid_simple_longest_isoform_from0_to200,exon_level_Se,0.0
geneid_S_longest_isoform_from0_to200_VS_CNAC_ref_longest_isoform_from0_to200,geneid_S_longest_isoform_from0_to200,CNAC_ref_longest_isoform_from0_to200,exon_level_Se,0.0
CNAC_ref_longest_isoform_from0_to200_VS_geneid_R_longest_isoform_from0_to200,CNAC_ref_longest_isoform_from0_to200,geneid_R_longest_isoform_from0_to200,exon_level_Se,0.0
geneid_RS_longest_isoform_from0_to200_VS_CNAC_ref_longest_isoform_from0_to200,geneid_RS_longest_isoform_from0_to200,CNAC_ref_longest_isoform_from0_to200,exon_level_Se,0.0
geneid_S_longest_isoform_from0_to200_VS_geneid_RS_longest_isoform_from0_to200,geneid_S_longest_isoform_from0_to200,geneid_RS_longest_isoform_from0_to200,exon_level_Se,100.0
geneid_S_longest_isoform_from0_to200_VS_geneid_R_longest_isoform_from0_to200,geneid_S_longest_isoform_from0_to200,geneid_R_longest_isoform_from0_to200,exon_level_Se,92.9
geneid_RS_longest_isoform_from0_to200_VS_geneid_simple_longest_isoform_from0_to200,geneid_RS_longest_isoform_from0_to200,geneid_simple_longest_isoform_from0_to200,exon_level_Se,72.2
geneid_R_longest_isoform_from0_to200_VS_CNAC_ref_longest_isoform_from0_to200,geneid_R_longest_isoform_from0_to200,CNAC_ref_longest_isoform_from0_to200,exon_level_Se,0.0
geneid_R_longest_isoform_from0_to200_VS_geneid_S_longest_isoform_from0_to200,geneid_R_longest_isoform_from0_to200,geneid_S_longest_isoform_from0_to200,exon_level_Se,86.7
geneid_S_longest_isoform_from0_to200_VS_geneid_simple_longest_isoform_from0_to200,geneid_S_longest_isoform_from0_to200,geneid_simple_longest_isoform_from0_to200,exon_level_Se,85.7
geneid_RS_longest_isoform_from0_to200_VS_geneid_R_longest_isoform_from0_to200,geneid_RS_longest_isoform_from0_to200,geneid_R_longest_isoform_from0_to200,exon_level_Se,77.8
geneid_R_longest_isoform_from0_to200_VS_geneid_RS_longest_isoform_from0_to200,geneid_R_longest_isoform_from0_to200,geneid_RS_longest_isoform_from0_to200,exon_level_Se,93.3
geneid_R_longest_isoform_from0_to200_VS_geneid_simple_longest_isoform_from0_to200,geneid_R_longest_isoform_from0_to200,geneid_simple_longest_isoform_from0_to200,exon_level_Se,93.3
geneid_RS_longest_isoform_from0_to200_VS_geneid_S_longest_isoform_from0_to200,geneid_RS_longest_isoform_from0_to200,geneid_S_longest_isoform_from0_to200,exon_level_Se,77.8
geneid_simple_longest_isoform_from0_to200_VS_geneid_RS_longest_isoform_from0_to200,geneid_simple_longest_isoform_from0_to200,geneid_RS_longest_isoform_from0_to200,exon_level_Se,92.9
geneid_simple_longest_isoform_from0_to200_VS_geneid_S_longest_isoform_from0_to200,geneid_simple_longest_isoform_from0_to200,geneid_S_longest_isoform_from0_to200,exon_level_Se,85.7
geneid_simple_longest_isoform_from0_to200_VS_CNAC_ref_longest_isoform_from0_to200,geneid_simple_longest_isoform_from0_to200,CNAC_ref_longest_isoform_from0_to200,exon_level_Se,0.0
geneid_simple_longest_isoform_from0_to200_VS_geneid_R_longest_isoform_from0_to200,geneid_simple_longest_isoform_from0_to200,geneid_R_longest_isoform_from0_to200,exon_level_Se,100.0
CNAC_ref_longest_isoform_from0_to200_VS_geneid_RS_longest_isoform_from0_to200,CNAC_ref_longest_isoform_from0_to200,geneid_RS_longest_isoform_from0_to200,exon_level_Pr,0.0
CNAC_ref_longest_isoform_from0_to200_VS_geneid_S_longest_isoform_from0_to200,CNAC_ref_longest_isoform_from0_to200,geneid_S_longest_isoform_from0_to200,exon_level_Pr,0.0
CNAC_ref_longest_isoform_from0_to200_VS_geneid_simple_longest_isoform_from0_to200,CNAC_ref_longest_isoform_from0_to200,geneid_simple_longest_isoform_from0_to200,exon_level_Pr,0.0
geneid_S_longest_isoform_from0_to200_VS_CNAC_ref_longest_isoform_from0_to200,geneid_S_longest_isoform_from0_to200,CNAC_ref_longest_isoform_from0_to200,exon_level_Pr,0.0
CNAC_ref_longest_isoform_from0_to200_VS_geneid_R_longest_isoform_from0_to200,CNAC_ref_longest_isoform_from0_to200,geneid_R_longest_isoform_from0_to200,exon_level_Pr,0.0
geneid_RS_longest_isoform_from0_to200_VS_CNAC_ref_longest_isoform_from0_to200,geneid_RS_longest_isoform_from0_to200,CNAC_ref_longest_isoform_from0_to200,exon_level_Pr,0.0
geneid_S_longest_isoform_from0_to200_VS_geneid_RS_longest_isoform_from0_to200,geneid_S_longest_isoform_from0_to200,geneid_RS_longest_isoform_from0_to200,exon_level_Pr,77.8
geneid_S_longest_isoform_from0_to200_VS_geneid_R_longest_isoform_from0_to200,geneid_S_longest_isoform_from0_to200,geneid_R_longest_isoform_from0_to200,exon_level_Pr,86.7
geneid_RS_longest_isoform_from0_to200_VS_geneid_simple_longest_isoform_from0_to200,geneid_RS_longest_isoform_from0_to200,geneid_simple_longest_isoform_from0_to200,exon_level_Pr,92.9
geneid_R_longest_isoform_from0_to200_VS_CNAC_ref_longest_isoform_from0_to200,geneid_R_longest_isoform_from0_to200,CNAC_ref_longest_isoform_from0_to200,exon_level_Pr,0.0
geneid_R_longest_isoform_from0_to200_VS_geneid_S_longest_isoform_from0_to200,geneid_R_longest_isoform_from0_to200,geneid_S_longest_isoform_from0_to200,exon_level_Pr,92.9
geneid_S_longest_isoform_from0_to200_VS_geneid_simple_longest_isoform_from0_to200,geneid_S_longest_isoform_from0_to200,geneid_simple_longest_isoform_from0_to200,exon_level_Pr,85.7
geneid_RS_longest_isoform_from0_to200_VS_geneid_R_longest_isoform_from0_to200,geneid_RS_longest_isoform_from0_to200,geneid_R_longest_isoform_from0_to200,exon_level_Pr,93.3
geneid_R_longest_isoform_from0_to200_VS_geneid_RS_longest_isoform_from0_to200,geneid_R_longest_isoform_from0_to200,geneid_RS_longest_isoform_from0_to200,exon_level_Pr,77.8
geneid_R_longest_isoform_from0_to200_VS_geneid_simple_longest_isoform_from0_to200,geneid_R_longest_isoform_from0_to200,geneid_simple_longest_isoform_from0_to200,exon_level_Pr,100.0
geneid_RS_longest_isoform_from0_to200_VS_geneid_S_longest_isoform_from0_to200,geneid_RS_longest_isoform_from0_to200,geneid_S_longest_isoform_from0_to200,exon_level_Pr,100.0
geneid_simple_longest_isoform_from0_to200_VS_geneid_RS_longest_isoform_from0_to200,geneid_simple_longest_isoform_from0_to200,geneid_RS_longest_isoform_from0_to200,exon_level_Pr,72.2
geneid_simple_longest_isoform_from0_to200_VS_geneid_S_longest_isoform_from0_to200,geneid_simple_longest_isoform_from0_to200,geneid_S_longest_isoform_from0_to200,exon_level_Pr,85.7
geneid_simple_longest_isoform_from0_to200_VS_CNAC_ref_longest_isoform_from0_to200,geneid_simple_longest_isoform_from0_to200,CNAC_ref_longest_isoform_from0_to200,exon_level_Pr,0.0
geneid_simple_longest_isoform_from0_to200_VS_geneid_R_longest_isoform_from0_to200,geneid_simple_longest_isoform_from0_to200,geneid_R_longest_isoform_from0_to200,exon_level_Pr,93.3
CNAC_ref_longest_isoform_from0_to200_VS_geneid_RS_longest_isoform_from0_to200,CNAC_ref_longest_isoform_from0_to200,geneid_RS_longest_isoform_from0_to200,transcript_level_Se,0.0
CNAC_ref_longest_isoform_from0_to200_VS_geneid_S_longest_isoform_from0_to200,CNAC_ref_longest_isoform_from0_to200,geneid_S_longest_isoform_from0_to200,transcript_level_Se,0.0
CNAC_ref_longest_isoform_from0_to200_VS_geneid_simple_longest_isoform_from0_to200,CNAC_ref_longest_isoform_from0_to200,geneid_simple_longest_isoform_from0_to200,transcript_level_Se,0.0
geneid_S_longest_isoform_from0_to200_VS_CNAC_ref_longest_isoform_from0_to200,geneid_S_longest_isoform_from0_to200,CNAC_ref_longest_isoform_from0_to200,transcript_level_Se,0.0
CNAC_ref_longest_isoform_from0_to200_VS_geneid_R_longest_isoform_from0_to200,CNAC_ref_longest_isoform_from0_to200,geneid_R_longest_isoform_from0_to200,transcript_level_Se,0.0
geneid_RS_longest_isoform_from0_to200_VS_CNAC_ref_longest_isoform_from0_to200,geneid_RS_longest_isoform_from0_to200,CNAC_ref_longest_isoform_from0_to200,transcript_level_Se,0.0
geneid_S_longest_isoform_from0_to200_VS_geneid_RS_longest_isoform_from0_to200,geneid_S_longest_isoform_from0_to200,geneid_RS_longest_isoform_from0_to200,transcript_level_Se,0.0
geneid_S_longest_isoform_from0_to200_VS_geneid_R_longest_isoform_from0_to200,geneid_S_longest_isoform_from0_to200,geneid_R_longest_isoform_from0_to200,transcript_level_Se,0.0
geneid_RS_longest_isoform_from0_to200_VS_geneid_simple_longest_isoform_from0_to200,geneid_RS_longest_isoform_from0_to200,geneid_simple_longest_isoform_from0_to200,transcript_level_Se,0.0
geneid_R_longest_isoform_from0_to200_VS_CNAC_ref_longest_isoform_from0_to200,geneid_R_longest_isoform_from0_to200,CNAC_ref_longest_isoform_from0_to200,transcript_level_Se,0.0
geneid_R_longest_isoform_from0_to200_VS_geneid_S_longest_isoform_from0_to200,geneid_R_longest_isoform_from0_to200,geneid_S_longest_isoform_from0_to200,transcript_level_Se,0.0
geneid_S_longest_isoform_from0_to200_VS_geneid_simple_longest_isoform_from0_to200,geneid_S_longest_isoform_from0_to200,geneid_simple_longest_isoform_from0_to200,transcript_level_Se,0.0
geneid_RS_longest_isoform_from0_to200_VS_geneid_R_longest_isoform_from0_to200,geneid_RS_longest_isoform_from0_to200,geneid_R_longest_isoform_from0_to200,transcript_level_Se,0.0
geneid_R_longest_isoform_from0_to200_VS_geneid_RS_longest_isoform_from0_to200,geneid_R_longest_isoform_from0_to200,geneid_RS_longest_isoform_from0_to200,transcript_level_Se,0.0
geneid_R_longest_isoform_from0_to200_VS_geneid_simple_longest_isoform_from0_to200,geneid_R_longest_isoform_from0_to200,geneid_simple_longest_isoform_from0_to200,transcript_level_Se,0.0
geneid_RS_longest_isoform_from0_to200_VS_geneid_S_longest_isoform_from0_to200,geneid_RS_longest_isoform_from0_to200,geneid_S_longest_isoform_from0_to200,transcript_level_Se,0.0
geneid_simple_longest_isoform_from0_to200_VS_geneid_RS_longest_isoform_from0_to200,geneid_simple_longest_isoform_from0_to200,geneid_RS_longest_isoform_from0_to200,transcript_level_Se,0.0
geneid_simple_longest_isoform_from0_to200_VS_geneid_S_longest_isoform_from0_to200,geneid_simple_longest_isoform_from0_to200,geneid_S_longest_isoform_from0_to200,transcript_level_Se,0.0
geneid_simple_longest_isoform_from0_to200_VS_CNAC_ref_longest_isoform_from0_to200,geneid_simple_longest_isoform_from0_to200,CNAC_ref_longest_isoform_from0_to200,transcript_level_Se,0.0
geneid_simple_longest_isoform_from0_to200_VS_geneid_R_longest_isoform_from0_to200,geneid_simple_longest_isoform_from0_to200,geneid_R_longest_isoform_from0_to200,transcript_level_Se,0.0
CNAC_ref_longest_isoform_from0_to200_VS_geneid_RS_longest_isoform_from0_to200,CNAC_ref_longest_isoform_from0_to200,geneid_RS_longest_isoform_from0_to200,transcript_level_Pr,0.0
CNAC_ref_longest_isoform_from0_to200_VS_geneid_S_longest_isoform_from0_to200,CNAC_ref_longest_isoform_from0_to200,geneid_S_longest_isoform_from0_to200,transcript_level_Pr,0.0
CNAC_ref_longest_isoform_from0_to200_VS_geneid_simple_longest_isoform_from0_to200,CNAC_ref_longest_isoform_from0_to200,geneid_simple_longest_isoform_from0_to200,transcript_level_Pr,0.0
geneid_S_longest_isoform_from0_to200_VS_CNAC_ref_longest_isoform_from0_to200,geneid_S_longest_isoform_from0_to200,CNAC_ref_longest_isoform_from0_to200,transcript_level_Pr,0.0
CNAC_ref_longest_isoform_from0_to200_VS_geneid_R_longest_isoform_from0_to200,CNAC_ref_longest_isoform_from0_to200,geneid_R_longest_isoform_from0_to200,transcript_level_Pr,0.0
geneid_RS_longest_isoform_from0_to200_VS_CNAC_ref_longest_isoform_from0_to200,geneid_RS_longest_isoform_from0_to200,CNAC_ref_longest_isoform_from0_to200,transcript_level_Pr,0.0
geneid_S_longest_isoform_from0_to200_VS_geneid_RS_longest_isoform_from0_to200,geneid_S_longest_isoform_from0_to200,geneid_RS_longest_isoform_from0_to200,transcript_level_Pr,0.0
geneid_S_longest_isoform_from0_to200_VS_geneid_R_longest_isoform_from0_to200,geneid_S_longest_isoform_from0_to200,geneid_R_longest_isoform_from0_to200,transcript_level_Pr,0.0
geneid_RS_longest_isoform_from0_to200_VS_geneid_simple_longest_isoform_from0_to200,geneid_RS_longest_isoform_from0_to200,geneid_simple_longest_isoform_from0_to200,transcript_level_Pr,0.0
geneid_R_longest_isoform_from0_to200_VS_CNAC_ref_longest_isoform_from0_to200,geneid_R_longest_isoform_from0_to200,CNAC_ref_longest_isoform_from0_to200,transcript_level_Pr,0.0
geneid_R_longest_isoform_from0_to200_VS_geneid_S_longest_isoform_from0_to200,geneid_R_longest_isoform_from0_to200,geneid_S_longest_isoform_from0_to200,transcript_level_Pr,0.0
geneid_S_longest_isoform_from0_to200_VS_geneid_simple_longest_isoform_from0_to200,geneid_S_longest_isoform_from0_to200,geneid_simple_longest_isoform_from0_to200,transcript_level_Pr,0.0
geneid_RS_longest_isoform_from0_to200_VS_geneid_R_longest_isoform_from0_to200,geneid_RS_longest_isoform_from0_to200,geneid_R_longest_isoform_from0_to200,transcript_level_Pr,0.0
geneid_R_longest_isoform_from0_to200_VS_geneid_RS_longest_isoform_from0_to200,geneid_R_longest_isoform_from0_to200,geneid_RS_longest_isoform_from0_to200,transcript_level_Pr,0.0
geneid_R_longest_isoform_from0_to200_VS_geneid_simple_longest_isoform_from0_to200,geneid_R_longest_isoform_from0_to200,geneid_simple_longest_isoform_from0_to200,transcript_level_Pr,0.0
geneid_RS_longest_isoform_from0_to200_VS_geneid_S_longest_isoform_from0_to200,geneid_RS_longest_isoform_from0_to200,geneid_S_longest_isoform_from0_to200,transcript_level_Pr,0.0
geneid_simple_longest_isoform_from0_to200_VS_geneid_RS_longest_isoform_from0_to200,geneid_simple_longest_isoform_from0_to200,geneid_RS_longest_isoform_from0_to200,transcript_level_Pr,0.0
geneid_simple_longest_isoform_from0_to200_VS_geneid_S_longest_isoform_from0_to200,geneid_simple_longest_isoform_from0_to200,geneid_S_longest_isoform_from0_to200,transcript_level_Pr,0.0
geneid_simple_longest_isoform_from0_to200_VS_CNAC_ref_longest_isoform_from0_to200,geneid_simple_longest_isoform_from0_to200,CNAC_ref_longest_isoform_from0_to200,transcript_level_Pr,0.0
geneid_simple_longest_isoform_from0_to200_VS_geneid_R_longest_isoform_from0_to200,geneid_simple_longest_isoform_from0_to200,geneid_R_longest_isoform_from0_to200,transcript_level_Pr,0.0
CNAC_ref_longest_isoform_from0_to200_VS_geneid_RS_longest_isoform_from0_to200,CNAC_ref_longest_isoform_from0_to200,geneid_RS_longest_isoform_from0_to200,locus_level_Se,0.0
CNAC_ref_longest_isoform_from0_to200_VS_geneid_S_longest_isoform_from0_to200,CNAC_ref_longest_isoform_from0_to200,geneid_S_longest_isoform_from0_to200,locus_level_Se,0.0
CNAC_ref_longest_isoform_from0_to200_VS_geneid_simple_longest_isoform_from0_to200,CNAC_ref_longest_isoform_from0_to200,geneid_simple_longest_isoform_from0_to200,locus_level_Se,0.0
geneid_S_longest_isoform_from0_to200_VS_CNAC_ref_longest_isoform_from0_to200,geneid_S_longest_isoform_from0_to200,CNAC_ref_longest_isoform_from0_to200,locus_level_Se,0.0
CNAC_ref_longest_isoform_from0_to200_VS_geneid_R_longest_isoform_from0_to200,CNAC_ref_longest_isoform_from0_to200,geneid_R_longest_isoform_from0_to200,locus_level_Se,0.0
geneid_RS_longest_isoform_from0_to200_VS_CNAC_ref_longest_isoform_from0_to200,geneid_RS_longest_isoform_from0_to200,CNAC_ref_longest_isoform_from0_to200,locus_level_Se,0.0
geneid_S_longest_isoform_from0_to200_VS_geneid_RS_longest_isoform_from0_to200,geneid_S_longest_isoform_from0_to200,geneid_RS_longest_isoform_from0_to200,locus_level_Se,0.0
geneid_S_longest_isoform_from0_to200_VS_geneid_R_longest_isoform_from0_to200,geneid_S_longest_isoform_from0_to200,geneid_R_longest_isoform_from0_to200,locus_level_Se,0.0
geneid_RS_longest_isoform_from0_to200_VS_geneid_simple_longest_isoform_from0_to200,geneid_RS_longest_isoform_from0_to200,geneid_simple_longest_isoform_from0_to200,locus_level_Se,0.0
geneid_R_longest_isoform_from0_to200_VS_CNAC_ref_longest_isoform_from0_to200,geneid_R_longest_isoform_from0_to200,CNAC_ref_longest_isoform_from0_to200,locus_level_Se,0.0
geneid_R_longest_isoform_from0_to200_VS_geneid_S_longest_isoform_from0_to200,geneid_R_longest_isoform_from0_to200,geneid_S_longest_isoform_from0_to200,locus_level_Se,0.0
geneid_S_longest_isoform_from0_to200_VS_geneid_simple_longest_isoform_from0_to200,geneid_S_longest_isoform_from0_to200,geneid_simple_longest_isoform_from0_to200,locus_level_Se,0.0
geneid_RS_longest_isoform_from0_to200_VS_geneid_R_longest_isoform_from0_to200,geneid_RS_longest_isoform_from0_to200,geneid_R_longest_isoform_from0_to200,locus_level_Se,0.0
geneid_R_longest_isoform_from0_to200_VS_geneid_RS_longest_isoform_from0_to200,geneid_R_longest_isoform_from0_to200,geneid_RS_longest_isoform_from0_to200,locus_level_Se,0.0
geneid_R_longest_isoform_from0_to200_VS_geneid_simple_longest_isoform_from0_to200,geneid_R_longest_isoform_from0_to200,geneid_simple_longest_isoform_from0_to200,locus_level_Se,0.0
geneid_RS_longest_isoform_from0_to200_VS_geneid_S_longest_isoform_from0_to200,geneid_RS_longest_isoform_from0_to200,geneid_S_longest_isoform_from0_to200,locus_level_Se,0.0
geneid_simple_longest_isoform_from0_to200_VS_geneid_RS_longest_isoform_from0_to200,geneid_simple_longest_isoform_from0_to200,geneid_RS_longest_isoform_from0_to200,locus_level_Se,0.0
geneid_simple_longest_isoform_from0_to200_VS_geneid_S_longest_isoform_from0_to200,geneid_simple_longest_isoform_from0_to200,geneid_S_longest_isoform_from0_to200,locus_level_Se,0.0
geneid_simple_longest_isoform_from0_to200_VS_CNAC_ref_longest_isoform_from0_to200,geneid_simple_longest_isoform_from0_to200,CNAC_ref_longest_isoform_from0_to200,locus_level_Se,0.0
geneid_simple_longest_isoform_from0_to200_VS_geneid_R_longest_isoform_from0_to200,geneid_simple_longest_isoform_from0_to200,geneid_R_longest_isoform_from0_to200,locus_level_Se,0.0
CNAC_ref_longest_isoform_from0_to200_VS_geneid_RS_longest_isoform_from0_to200,CNAC_ref_longest_isoform_from0_to200,geneid_RS_longest_isoform_from0_to200,locus_level_Pr,0.0
CNAC_ref_longest_isoform_from0_to200_VS_geneid_S_longest_isoform_from0_to200,CNAC_ref_longest_isoform_from0_to200,geneid_S_longest_isoform_from0_to200,locus_level_Pr,0.0
CNAC_ref_longest_isoform_from0_to200_VS_geneid_simple_longest_isoform_from0_to200,CNAC_ref_longest_isoform_from0_to200,geneid_simple_longest_isoform_from0_to200,locus_level_Pr,0.0
geneid_S_longest_isoform_from0_to200_VS_CNAC_ref_longest_isoform_from0_to200,geneid_S_longest_isoform_from0_to200,CNAC_ref_longest_isoform_from0_to200,locus_level_Pr,0.0
CNAC_ref_longest_isoform_from0_to200_VS_geneid_R_longest_isoform_from0_to200,CNAC_ref_longest_isoform_from0_to200,geneid_R_longest_isoform_from0_to200,locus_level_Pr,0.0
geneid_RS_longest_isoform_from0_to200_VS_CNAC_ref_longest_isoform_from0_to200,geneid_RS_longest_isoform_from0_to200,CNAC_ref_longest_isoform_from0_to200,locus_level_Pr,0.0
geneid_S_longest_isoform_from0_to200_VS_geneid_RS_longest_isoform_from0_to200,geneid_S_longest_isoform_from0_to200,geneid_RS_longest_isoform_from0_to200,locus_level_Pr,0.0
geneid_S_longest_isoform_from0_to200_VS_geneid_R_longest_isoform_from0_to200,geneid_S_longest_isoform_from0_to200,geneid_R_longest_isoform_from0_to200,locus_level_Pr,0.0
geneid_RS_longest_isoform_from0_to200_VS_geneid_simple_longest_isoform_from0_to200,geneid_RS_longest_isoform_from0_to200,geneid_simple_longest_isoform_from0_to200,locus_level_Pr,0.0
geneid_R_longest_isoform_from0_to200_VS_CNAC_ref_longest_isoform_from0_to200,geneid_R_longest_isoform_from0_to200,CNAC_ref_longest_isoform_from0_to200,locus_level_Pr,0.0
geneid_R_longest_isoform_from0_to200_VS_geneid_S_longest_isoform_from0_to200,geneid_R_longest_isoform_from0_to200,geneid_S_longest_isoform_from0_to200,locus_level_Pr,0.0
geneid_S_longest_isoform_from0_to200_VS_geneid_simple_longest_isoform_from0_to200,geneid_S_longest_isoform_from0_to200,geneid_simple_longest_isoform_from0_to200,locus_level_Pr,0.0
geneid_RS_longest_isoform_from0_to200_VS_geneid_R_longest_isoform_from0_to200,geneid_RS_longest_isoform_from0_to200,geneid_R_longest_isoform_from0_to200,locus_level_Pr,0.0
geneid_R_longest_isoform_from0_to200_VS_geneid_RS_longest_isoform_from0_to200,geneid_R_longest_isoform_from0_to200,geneid_RS_longest_isoform_from0_to200,locus_level_Pr,0.0
geneid_R_longest_isoform_from0_to200_VS_geneid_simple_longest_isoform_from0_to200,geneid_R_longest_isoform_from0_to200,geneid_simple_longest_isoform_from0_to200,locus_level_Pr,0.0
geneid_RS_longest_isoform_from0_to200_VS_geneid_S_longest_isoform_from0_to200,geneid_RS_longest_isoform_from0_to200,geneid_S_longest_isoform_from0_to200,locus_level_Pr,0.0
geneid_simple_longest_isoform_from0_to200_VS_geneid_RS_longest_isoform_from0_to200,geneid_simple_longest_isoform_from0_to200,geneid_RS_longest_isoform_from0_to200,locus_level_Pr,0.0
geneid_simple_longest_isoform_from0_to200_VS_geneid_S_longest_isoform_from0_to200,geneid_simple_longest_isoform_from0_to200,geneid_S_longest_isoform_from0_to200,locus_level_Pr,0.0
geneid_simple_longest_isoform_from0_to200_VS_CNAC_ref_longest_isoform_from0_to200,geneid_simple_longest_isoform_from0_to200,CNAC_ref_longest_isoform_from0_to200,locus_level_Pr,0.0
geneid_simple_longest_isoform_from0_to200_VS_geneid_R_longest_isoform_from0_to200,geneid_simple_longest_isoform_from0_to200,geneid_R_longest_isoform_from0_to200,locus_level_Pr,0.0
CNAC_ref_longest_isoform_from0_to200_VS_geneid_RS_longest_isoform_from0_to200,CNAC_ref_longest_isoform_from0_to200,geneid_RS_longest_isoform_from0_to200,matching_intron_chains,0
CNAC_ref_longest_isoform_from0_to200_VS_geneid_S_longest_isoform_from0_to200,CNAC_ref_longest_isoform_from0_to200,geneid_S_longest_isoform_from0_to200,matching_intron_chains,0
CNAC_ref_longest_isoform_from0_to200_VS_geneid_simple_longest_isoform_from0_to200,CNAC_ref_longest_isoform_from0_to200,geneid_simple_longest_isoform_from0_to200,matching_intron_chains,0
geneid_S_longest_isoform_from0_to200_VS_CNAC_ref_longest_isoform_from0_to200,geneid_S_longest_isoform_from0_to200,CNAC_ref_longest_isoform_from0_to200,matching_intron_chains,0
CNAC_ref_longest_isoform_from0_to200_VS_geneid_R_longest_isoform_from0_to200,CNAC_ref_longest_isoform_from0_to200,geneid_R_longest_isoform_from0_to200,matching_intron_chains,0
geneid_RS_longest_isoform_from0_to200_VS_CNAC_ref_longest_isoform_from0_to200,geneid_RS_longest_isoform_from0_to200,CNAC_ref_longest_isoform_from0_to200,matching_intron_chains,0
geneid_S_longest_isoform_from0_to200_VS_geneid_RS_longest_isoform_from0_to200,geneid_S_longest_isoform_from0_to200,geneid_RS_longest_isoform_from0_to200,matching_intron_chains,0
geneid_S_longest_isoform_from0_to200_VS_geneid_R_longest_isoform_from0_to200,geneid_S_longest_isoform_from0_to200,geneid_R_longest_isoform_from0_to200,matching_intron_chains,0
geneid_RS_longest_isoform_from0_to200_VS_geneid_simple_longest_isoform_from0_to200,geneid_RS_longest_isoform_from0_to200,geneid_simple_longest_isoform_from0_to200,matching_intron_chains,0
geneid_R_longest_isoform_from0_to200_VS_CNAC_ref_longest_isoform_from0_to200,geneid_R_longest_isoform_from0_to200,CNAC_ref_longest_isoform_from0_to200,matching_intron_chains,0
geneid_R_longest_isoform_from0_to200_VS_geneid_S_longest_isoform_from0_to200,geneid_R_longest_isoform_from0_to200,geneid_S_longest_isoform_from0_to200,matching_intron_chains,0
geneid_S_longest_isoform_from0_to200_VS_geneid_simple_longest_isoform_from0_to200,geneid_S_longest_isoform_from0_to200,geneid_simple_longest_isoform_from0_to200,matching_intron_chains,0
geneid_RS_longest_isoform_from0_to200_VS_geneid_R_longest_isoform_from0_to200,geneid_RS_longest_isoform_from0_to200,geneid_R_longest_isoform_from0_to200,matching_intron_chains,0
geneid_R_longest_isoform_from0_to200_VS_geneid_RS_longest_isoform_from0_to200,geneid_R_longest_isoform_from0_to200,geneid_RS_longest_isoform_from0_to200,matching_intron_chains,0
geneid_R_longest_isoform_from0_to200_VS_geneid_simple_longest_isoform_from0_to200,geneid_R_longest_isoform_from0_to200,geneid_simple_longest_isoform_from0_to200,matching_intron_chains,0
geneid_RS_longest_isoform_from0_to200_VS_geneid_S_longest_isoform_from0_to200,geneid_RS_longest_isoform_from0_to200,geneid_S_longest_isoform_from0_to200,matching_intron_chains,0
geneid_simple_longest_isoform_from0_to200_VS_geneid_RS_longest_isoform_from0_to200,geneid_simple_longest_isoform_from0_to200,geneid_RS_longest_isoform_from0_to200,matching_intron_chains,0
geneid_simple_longest_isoform_from0_to200_VS_geneid_S_longest_isoform_from0_to200,geneid_simple_longest_isoform_from0_to200,geneid_S_longest_isoform_from0_to200,matching_intron_chains,0
geneid_simple_longest_isoform_from0_to200_VS_CNAC_ref_longest_isoform_from0_to200,geneid_simple_longest_isoform_from0_to200,CNAC_ref_longest_isoform_from0_to200,matching_intron_chains,0
geneid_simple_longest_isoform_from0_to200_VS_geneid_R_longest_isoform_from0_to200,geneid_simple_longest_isoform_from0_to200,geneid_R_longest_isoform_from0_to200,matching_intron_chains,0
CNAC_ref_longest_isoform_from0_to200_VS_geneid_RS_longest_isoform_from0_to200,CNAC_ref_longest_isoform_from0_to200,geneid_RS_longest_isoform_from0_to200,matching_transcripts,0
CNAC_ref_longest_isoform_from0_to200_VS_geneid_S_longest_isoform_from0_to200,CNAC_ref_longest_isoform_from0_to200,geneid_S_longest_isoform_from0_to200,matching_transcripts,0
CNAC_ref_longest_isoform_from0_to200_VS_geneid_simple_longest_isoform_from0_to200,CNAC_ref_longest_isoform_from0_to200,geneid_simple_longest_isoform_from0_to200,matching_transcripts,0
geneid_S_longest_isoform_from0_to200_VS_CNAC_ref_longest_isoform_from0_to200,geneid_S_longest_isoform_from0_to200,CNAC_ref_longest_isoform_from0_to200,matching_transcripts,0
CNAC_ref_longest_isoform_from0_to200_VS_geneid_R_longest_isoform_from0_to200,CNAC_ref_longest_isoform_from0_to200,geneid_R_longest_isoform_from0_to200,matching_transcripts,0
geneid_RS_longest_isoform_from0_to200_VS_CNAC_ref_longest_isoform_from0_to200,geneid_RS_longest_isoform_from0_to200,CNAC_ref_longest_isoform_from0_to200,matching_transcripts,0
geneid_S_longest_isoform_from0_to200_VS_geneid_RS_longest_isoform_from0_to200,geneid_S_longest_isoform_from0_to200,geneid_RS_longest_isoform_from0_to200,matching_transcripts,0
geneid_S_longest_isoform_from0_to200_VS_geneid_R_longest_isoform_from0_to200,geneid_S_longest_isoform_from0_to200,geneid_R_longest_isoform_from0_to200,matching_transcripts,0
geneid_RS_longest_isoform_from0_to200_VS_geneid_simple_longest_isoform_from0_to200,geneid_RS_longest_isoform_from0_to200,geneid_simple_longest_isoform_from0_to200,matching_transcripts,0
geneid_R_longest_isoform_from0_to200_VS_CNAC_ref_longest_isoform_from0_to200,geneid_R_longest_isoform_from0_to200,CNAC_ref_longest_isoform_from0_to200,matching_transcripts,0
geneid_R_longest_isoform_from0_to200_VS_geneid_S_longest_isoform_from0_to200,geneid_R_longest_isoform_from0_to200,geneid_S_longest_isoform_from0_to200,matching_transcripts,0
geneid_S_longest_isoform_from0_to200_VS_geneid_simple_longest_isoform_from0_to200,geneid_S_longest_isoform_from0_to200,geneid_simple_longest_isoform_from0_to200,matching_transcripts,0
geneid_RS_longest_isoform_from0_to200_VS_geneid_R_longest_isoform_from0_to200,geneid_RS_longest_isoform_from0_to200,geneid_R_longest_isoform_from0_to200,matching_transcripts,0
geneid_R_longest_isoform_from0_to200_VS_geneid_RS_longest_isoform_from0_to200,geneid_R_longest_isoform_from0_to200,geneid_RS_longest_isoform_from0_to200,matching_transcripts,0
geneid_R_longest_isoform_from0_to200_VS_geneid_simple_longest_isoform_from0_to200,geneid_R_longest_isoform_from0_to200,geneid_simple_longest_isoform_from0_to200,matching_transcripts,0
geneid_RS_longest_isoform_from0_to200_VS_geneid_S_longest_isoform_from0_to200,geneid_RS_longest_isoform_from0_to200,geneid_S_longest_isoform_from0_to200,matching_transcripts,0
geneid_simple_longest_isoform_from0_to200_VS_geneid_RS_longest_isoform_from0_to200,geneid_simple_longest_isoform_from0_to200,geneid_RS_longest_isoform_from0_to200,matching_transcripts,0
geneid_simple_longest_isoform_from0_to200_VS_geneid_S_longest_isoform_from0_to200,geneid_simple_longest_isoform_from0_to200,geneid_S_longest_isoform_from0_to200,matching_transcripts,0
geneid_simple_longest_isoform_from0_to200_VS_CNAC_ref_longest_isoform_from0_to200,geneid_simple_longest_isoform_from0_to200,CNAC_ref_longest_isoform_from0_to200,matching_transcripts,0
geneid_simple_longest_isoform_from0_to200_VS_geneid_R_longest_isoform_from0_to200,geneid_simple_longest_isoform_from0_to200,geneid_R_longest_isoform_from0_to200,matching_transcripts,0
CNAC_ref_longest_isoform_from0_to200_VS_geneid_RS_longest_isoform_from0_to200,CNAC_ref_longest_isoform_from0_to200,geneid_RS_longest_isoform_from0_to200,matching_loci,0
CNAC_ref_longest_isoform_from0_to200_VS_geneid_S_longest_isoform_from0_to200,CNAC_ref_longest_isoform_from0_to200,geneid_S_longest_isoform_from0_to200,matching_loci,0
CNAC_ref_longest_isoform_from0_to200_VS_geneid_simple_longest_isoform_from0_to200,CNAC_ref_longest_isoform_from0_to200,geneid_simple_longest_isoform_from0_to200,matching_loci,0
geneid_S_longest_isoform_from0_to200_VS_CNAC_ref_longest_isoform_from0_to200,geneid_S_longest_isoform_from0_to200,CNAC_ref_longest_isoform_from0_to200,matching_loci,0
CNAC_ref_longest_isoform_from0_to200_VS_geneid_R_longest_isoform_from0_to200,CNAC_ref_longest_isoform_from0_to200,geneid_R_longest_isoform_from0_to200,matching_loci,0
geneid_RS_longest_isoform_from0_to200_VS_CNAC_ref_longest_isoform_from0_to200,geneid_RS_longest_isoform_from0_to200,CNAC_ref_longest_isoform_from0_to200,matching_loci,0
geneid_S_longest_isoform_from0_to200_VS_geneid_RS_longest_isoform_from0_to200,geneid_S_longest_isoform_from0_to200,geneid_RS_longest_isoform_from0_to200,matching_loci,0
geneid_S_longest_isoform_from0_to200_VS_geneid_R_longest_isoform_from0_to200,geneid_S_longest_isoform_from0_to200,geneid_R_longest_isoform_from0_to200,matching_loci,0
geneid_RS_longest_isoform_from0_to200_VS_geneid_simple_longest_isoform_from0_to200,geneid_RS_longest_isoform_from0_to200,geneid_simple_longest_isoform_from0_to200,matching_loci,0
geneid_R_longest_isoform_from0_to200_VS_CNAC_ref_longest_isoform_from0_to200,geneid_R_longest_isoform_from0_to200,CNAC_ref_longest_isoform_from0_to200,matching_loci,0
geneid_R_longest_isoform_from0_to200_VS_geneid_S_longest_isoform_from0_to200,geneid_R_longest_isoform_from0_to200,geneid_S_longest_isoform_from0_to200,matching_loci,0
geneid_S_longest_isoform_from0_to200_VS_geneid_simple_longest_isoform_from0_to200,geneid_S_longest_isoform_from0_to200,geneid_simple_longest_isoform_from0_to200,matching_loci,0
geneid_RS_longest_isoform_from0_to200_VS_geneid_R_longest_isoform_from0_to200,geneid_RS_longest_isoform_from0_to200,geneid_R_longest_isoform_from0_to200,matching_loci,0
geneid_R_longest_isoform_from0_to200_VS_geneid_RS_longest_isoform_from0_to200,geneid_R_longest_isoform_from0_to200,geneid_RS_longest_isoform_from0_to200,matching_loci,0
geneid_R_longest_isoform_from0_to200_VS_geneid_simple_longest_isoform_from0_to200,geneid_R_longest_isoform_from0_to200,geneid_simple_longest_isoform_from0_to200,matching_loci,0
geneid_RS_longest_isoform_from0_to200_VS_geneid_S_longest_isoform_from0_to200,geneid_RS_longest_isoform_from0_to200,geneid_S_longest_isoform_from0_to200,matching_loci,0
geneid_simple_longest_isoform_from0_to200_VS_geneid_RS_longest_isoform_from0_to200,geneid_simple_longest_isoform_from0_to200,geneid_RS_longest_isoform_from0_to200,matching_loci,0
geneid_simple_longest_isoform_from0_to200_VS_geneid_S_longest_isoform_from0_to200,geneid_simple_longest_isoform_from0_to200,geneid_S_longest_isoform_from0_to200,matching_loci,0
geneid_simple_longest_isoform_from0_to200_VS_CNAC_ref_longest_isoform_from0_to200,geneid_simple_longest_isoform_from0_to200,CNAC_ref_longest_isoform_from0_to200,matching_loci,0
geneid_simple_longest_isoform_from0_to200_VS_geneid_R_longest_isoform_from0_to200,geneid_simple_longest_isoform_from0_to200,geneid_R_longest_isoform_from0_to200,matching_loci,0
CNAC_ref_longest_isoform_from0_to200_VS_geneid_RS_longest_isoform_from0_to200,CNAC_ref_longest_isoform_from0_to200,geneid_RS_longest_isoform_from0_to200,missed_exon_prop,29/29
CNAC_ref_longest_isoform_from0_to200_VS_geneid_S_longest_isoform_from0_to200,CNAC_ref_longest_isoform_from0_to200,geneid_S_longest_isoform_from0_to200,missed_exon_prop,29/29
CNAC_ref_longest_isoform_from0_to200_VS_geneid_simple_longest_isoform_from0_to200,CNAC_ref_longest_isoform_from0_to200,geneid_simple_longest_isoform_from0_to200,missed_exon_prop,29/29
geneid_S_longest_isoform_from0_to200_VS_CNAC_ref_longest_isoform_from0_to200,geneid_S_longest_isoform_from0_to200,CNAC_ref_longest_isoform_from0_to200,missed_exon_prop,14/14
CNAC_ref_longest_isoform_from0_to200_VS_geneid_R_longest_isoform_from0_to200,CNAC_ref_longest_isoform_from0_to200,geneid_R_longest_isoform_from0_to200,missed_exon_prop,29/29
geneid_RS_longest_isoform_from0_to200_VS_CNAC_ref_longest_isoform_from0_to200,geneid_RS_longest_isoform_from0_to200,CNAC_ref_longest_isoform_from0_to200,missed_exon_prop,18/18
geneid_S_longest_isoform_from0_to200_VS_geneid_RS_longest_isoform_from0_to200,geneid_S_longest_isoform_from0_to200,geneid_RS_longest_isoform_from0_to200,missed_exon_prop,0/14
geneid_S_longest_isoform_from0_to200_VS_geneid_R_longest_isoform_from0_to200,geneid_S_longest_isoform_from0_to200,geneid_R_longest_isoform_from0_to200,missed_exon_prop,1/14
geneid_RS_longest_isoform_from0_to200_VS_geneid_simple_longest_isoform_from0_to200,geneid_RS_longest_isoform_from0_to200,geneid_simple_longest_isoform_from0_to200,missed_exon_prop,5/18
geneid_R_longest_isoform_from0_to200_VS_CNAC_ref_longest_isoform_from0_to200,geneid_R_longest_isoform_from0_to200,CNAC_ref_longest_isoform_from0_to200,missed_exon_prop,15/15
geneid_R_longest_isoform_from0_to200_VS_geneid_S_longest_isoform_from0_to200,geneid_R_longest_isoform_from0_to200,geneid_S_longest_isoform_from0_to200,missed_exon_prop,2/15
geneid_S_longest_isoform_from0_to200_VS_geneid_simple_longest_isoform_from0_to200,geneid_S_longest_isoform_from0_to200,geneid_simple_longest_isoform_from0_to200,missed_exon_prop,2/14
geneid_RS_longest_isoform_from0_to200_VS_geneid_R_longest_isoform_from0_to200,geneid_RS_longest_isoform_from0_to200,geneid_R_longest_isoform_from0_to200,missed_exon_prop,4/18
geneid_R_longest_isoform_from0_to200_VS_geneid_RS_longest_isoform_from0_to200,geneid_R_longest_isoform_from0_to200,geneid_RS_longest_isoform_from0_to200,missed_exon_prop,1/15
geneid_R_longest_isoform_from0_to200_VS_geneid_simple_longest_isoform_from0_to200,geneid_R_longest_isoform_from0_to200,geneid_simple_longest_isoform_from0_to200,missed_exon_prop,1/15
geneid_RS_longest_isoform_from0_to200_VS_geneid_S_longest_isoform_from0_to200,geneid_RS_longest_isoform_from0_to200,geneid_S_longest_isoform_from0_to200,missed_exon_prop,4/18
geneid_simple_longest_isoform_from0_to200_VS_geneid_RS_longest_isoform_from0_to200,geneid_simple_longest_isoform_from0_to200,geneid_RS_longest_isoform_from0_to200,missed_exon_prop,1/14
geneid_simple_longest_isoform_from0_to200_VS_geneid_S_longest_isoform_from0_to200,geneid_simple_longest_isoform_from0_to200,geneid_S_longest_isoform_from0_to200,missed_exon_prop,2/14
geneid_simple_longest_isoform_from0_to200_VS_CNAC_ref_longest_isoform_from0_to200,geneid_simple_longest_isoform_from0_to200,CNAC_ref_longest_isoform_from0_to200,missed_exon_prop,14/14
geneid_simple_longest_isoform_from0_to200_VS_geneid_R_longest_isoform_from0_to200,geneid_simple_longest_isoform_from0_to200,geneid_R_longest_isoform_from0_to200,missed_exon_prop,0/14
CNAC_ref_longest_isoform_from0_to200_VS_geneid_RS_longest_isoform_from0_to200,CNAC_ref_longest_isoform_from0_to200,geneid_RS_longest_isoform_from0_to200,missed_exon_perc,100.0
CNAC_ref_longest_isoform_from0_to200_VS_geneid_S_longest_isoform_from0_to200,CNAC_ref_longest_isoform_from0_to200,geneid_S_longest_isoform_from0_to200,missed_exon_perc,100.0
CNAC_ref_longest_isoform_from0_to200_VS_geneid_simple_longest_isoform_from0_to200,CNAC_ref_longest_isoform_from0_to200,geneid_simple_longest_isoform_from0_to200,missed_exon_perc,100.0
geneid_S_longest_isoform_from0_to200_VS_CNAC_ref_longest_isoform_from0_to200,geneid_S_longest_isoform_from0_to200,CNAC_ref_longest_isoform_from0_to200,missed_exon_perc,100.0
CNAC_ref_longest_isoform_from0_to200_VS_geneid_R_longest_isoform_from0_to200,CNAC_ref_longest_isoform_from0_to200,geneid_R_longest_isoform_from0_to200,missed_exon_perc,100.0
geneid_RS_longest_isoform_from0_to200_VS_CNAC_ref_longest_isoform_from0_to200,geneid_RS_longest_isoform_from0_to200,CNAC_ref_longest_isoform_from0_to200,missed_exon_perc,100.0
geneid_S_longest_isoform_from0_to200_VS_geneid_RS_longest_isoform_from0_to200,geneid_S_longest_isoform_from0_to200,geneid_RS_longest_isoform_from0_to200,missed_exon_perc,0.0
geneid_S_longest_isoform_from0_to200_VS_geneid_R_longest_isoform_from0_to200,geneid_S_longest_isoform_from0_to200,geneid_R_longest_isoform_from0_to200,missed_exon_perc,7.1
geneid_RS_longest_isoform_from0_to200_VS_geneid_simple_longest_isoform_from0_to200,geneid_RS_longest_isoform_from0_to200,geneid_simple_longest_isoform_from0_to200,missed_exon_perc,27.8
geneid_R_longest_isoform_from0_to200_VS_CNAC_ref_longest_isoform_from0_to200,geneid_R_longest_isoform_from0_to200,CNAC_ref_longest_isoform_from0_to200,missed_exon_perc,100.0
geneid_R_longest_isoform_from0_to200_VS_geneid_S_longest_isoform_from0_to200,geneid_R_longest_isoform_from0_to200,geneid_S_longest_isoform_from0_to200,missed_exon_perc,13.3
geneid_S_longest_isoform_from0_to200_VS_geneid_simple_longest_isoform_from0_to200,geneid_S_longest_isoform_from0_to200,geneid_simple_longest_isoform_from0_to200,missed_exon_perc,14.3
geneid_RS_longest_isoform_from0_to200_VS_geneid_R_longest_isoform_from0_to200,geneid_RS_longest_isoform_from0_to200,geneid_R_longest_isoform_from0_to200,missed_exon_perc,22.2
geneid_R_longest_isoform_from0_to200_VS_geneid_RS_longest_isoform_from0_to200,geneid_R_longest_isoform_from0_to200,geneid_RS_longest_isoform_from0_to200,missed_exon_perc,6.7
geneid_R_longest_isoform_from0_to200_VS_geneid_simple_longest_isoform_from0_to200,geneid_R_longest_isoform_from0_to200,geneid_simple_longest_isoform_from0_to200,missed_exon_perc,6.7
geneid_RS_longest_isoform_from0_to200_VS_geneid_S_longest_isoform_from0_to200,geneid_RS_longest_isoform_from0_to200,geneid_S_longest_isoform_from0_to200,missed_exon_perc,22.2
geneid_simple_longest_isoform_from0_to200_VS_geneid_RS_longest_isoform_from0_to200,geneid_simple_longest_isoform_from0_to200,geneid_RS_longest_isoform_from0_to200,missed_exon_perc,7.1
geneid_simple_longest_isoform_from0_to200_VS_geneid_S_longest_isoform_from0_to200,geneid_simple_longest_isoform_from0_to200,geneid_S_longest_isoform_from0_to200,missed_exon_perc,14.3
geneid_simple_longest_isoform_from0_to200_VS_CNAC_ref_longest_isoform_from0_to200,geneid_simple_longest_isoform_from0_to200,CNAC_ref_longest_isoform_from0_to200,missed_exon_perc,100.0
geneid_simple_longest_isoform_from0_to200_VS_geneid_R_longest_isoform_from0_to200,geneid_simple_longest_isoform_from0_to200,geneid_R_longest_isoform_from0_to200,missed_exon_perc,0.0
CNAC_ref_longest_isoform_from0_to200_VS_geneid_RS_longest_isoform_from0_to200,CNAC_ref_longest_isoform_from0_to200,geneid_RS_longest_isoform_from0_to200,novel_exon_prop,18/18
CNAC_ref_longest_isoform_from0_to200_VS_geneid_S_longest_isoform_from0_to200,CNAC_ref_longest_isoform_from0_to200,geneid_S_longest_isoform_from0_to200,novel_exon_prop,14/14
CNAC_ref_longest_isoform_from0_to200_VS_geneid_simple_longest_isoform_from0_to200,CNAC_ref_longest_isoform_from0_to200,geneid_simple_longest_isoform_from0_to200,novel_exon_prop,14/14
geneid_S_longest_isoform_from0_to200_VS_CNAC_ref_longest_isoform_from0_to200,geneid_S_longest_isoform_from0_to200,CNAC_ref_longest_isoform_from0_to200,novel_exon_prop,29/29
CNAC_ref_longest_isoform_from0_to200_VS_geneid_R_longest_isoform_from0_to200,CNAC_ref_longest_isoform_from0_to200,geneid_R_longest_isoform_from0_to200,novel_exon_prop,15/15
geneid_RS_longest_isoform_from0_to200_VS_CNAC_ref_longest_isoform_from0_to200,geneid_RS_longest_isoform_from0_to200,CNAC_ref_longest_isoform_from0_to200,novel_exon_prop,29/29
geneid_S_longest_isoform_from0_to200_VS_geneid_RS_longest_isoform_from0_to200,geneid_S_longest_isoform_from0_to200,geneid_RS_longest_isoform_from0_to200,novel_exon_prop,4/18
geneid_S_longest_isoform_from0_to200_VS_geneid_R_longest_isoform_from0_to200,geneid_S_longest_isoform_from0_to200,geneid_R_longest_isoform_from0_to200,novel_exon_prop,2/15
geneid_RS_longest_isoform_from0_to200_VS_geneid_simple_longest_isoform_from0_to200,geneid_RS_longest_isoform_from0_to200,geneid_simple_longest_isoform_from0_to200,novel_exon_prop,1/14
geneid_R_longest_isoform_from0_to200_VS_CNAC_ref_longest_isoform_from0_to200,geneid_R_longest_isoform_from0_to200,CNAC_ref_longest_isoform_from0_to200,novel_exon_prop,29/29
geneid_R_longest_isoform_from0_to200_VS_geneid_S_longest_isoform_from0_to200,geneid_R_longest_isoform_from0_to200,geneid_S_longest_isoform_from0_to200,novel_exon_prop,1/14
geneid_S_longest_isoform_from0_to200_VS_geneid_simple_longest_isoform_from0_to200,geneid_S_longest_isoform_from0_to200,geneid_simple_longest_isoform_from0_to200,novel_exon_prop,2/14
geneid_RS_longest_isoform_from0_to200_VS_geneid_R_longest_isoform_from0_to200,geneid_RS_longest_isoform_from0_to200,geneid_R_longest_isoform_from0_to200,novel_exon_prop,1/15
geneid_R_longest_isoform_from0_to200_VS_geneid_RS_longest_isoform_from0_to200,geneid_R_longest_isoform_from0_to200,geneid_RS_longest_isoform_from0_to200,novel_exon_prop,4/18
geneid_R_longest_isoform_from0_to200_VS_geneid_simple_longest_isoform_from0_to200,geneid_R_longest_isoform_from0_to200,geneid_simple_longest_isoform_from0_to200,novel_exon_prop,0/14
geneid_RS_longest_isoform_from0_to200_VS_geneid_S_longest_isoform_from0_to200,geneid_RS_longest_isoform_from0_to200,geneid_S_longest_isoform_from0_to200,novel_exon_prop,0/14
geneid_simple_longest_isoform_from0_to200_VS_geneid_RS_longest_isoform_from0_to200,geneid_simple_longest_isoform_from0_to200,geneid_RS_longest_isoform_from0_to200,novel_exon_prop,5/18
geneid_simple_longest_isoform_from0_to200_VS_geneid_S_longest_isoform_from0_to200,geneid_simple_longest_isoform_from0_to200,geneid_S_longest_isoform_from0_to200,novel_exon_prop,2/14
geneid_simple_longest_isoform_from0_to200_VS_CNAC_ref_longest_isoform_from0_to200,geneid_simple_longest_isoform_from0_to200,CNAC_ref_longest_isoform_from0_to200,novel_exon_prop,29/29
geneid_simple_longest_isoform_from0_to200_VS_geneid_R_longest_isoform_from0_to200,geneid_simple_longest_isoform_from0_to200,geneid_R_longest_isoform_from0_to200,novel_exon_prop,1/15
CNAC_ref_longest_isoform_from0_to200_VS_geneid_RS_longest_isoform_from0_to200,CNAC_ref_longest_isoform_from0_to200,geneid_RS_longest_isoform_from0_to200,novel_exon_perc,100.0
CNAC_ref_longest_isoform_from0_to200_VS_geneid_S_longest_isoform_from0_to200,CNAC_ref_longest_isoform_from0_to200,geneid_S_longest_isoform_from0_to200,novel_exon_perc,100.0
CNAC_ref_longest_isoform_from0_to200_VS_geneid_simple_longest_isoform_from0_to200,CNAC_ref_longest_isoform_from0_to200,geneid_simple_longest_isoform_from0_to200,novel_exon_perc,100.0
geneid_S_longest_isoform_from0_to200_VS_CNAC_ref_longest_isoform_from0_to200,geneid_S_longest_isoform_from0_to200,CNAC_ref_longest_isoform_from0_to200,novel_exon_perc,100.0
CNAC_ref_longest_isoform_from0_to200_VS_geneid_R_longest_isoform_from0_to200,CNAC_ref_longest_isoform_from0_to200,geneid_R_longest_isoform_from0_to200,novel_exon_perc,100.0
geneid_RS_longest_isoform_from0_to200_VS_CNAC_ref_longest_isoform_from0_to200,geneid_RS_longest_isoform_from0_to200,CNAC_ref_longest_isoform_from0_to200,novel_exon_perc,100.0
geneid_S_longest_isoform_from0_to200_VS_geneid_RS_longest_isoform_from0_to200,geneid_S_longest_isoform_from0_to200,geneid_RS_longest_isoform_from0_to200,novel_exon_perc,22.2
geneid_S_longest_isoform_from0_to200_VS_geneid_R_longest_isoform_from0_to200,geneid_S_longest_isoform_from0_to200,geneid_R_longest_isoform_from0_to200,novel_exon_perc,13.3
geneid_RS_longest_isoform_from0_to200_VS_geneid_simple_longest_isoform_from0_to200,geneid_RS_longest_isoform_from0_to200,geneid_simple_longest_isoform_from0_to200,novel_exon_perc,7.1
geneid_R_longest_isoform_from0_to200_VS_CNAC_ref_longest_isoform_from0_to200,geneid_R_longest_isoform_from0_to200,CNAC_ref_longest_isoform_from0_to200,novel_exon_perc,100.0
geneid_R_longest_isoform_from0_to200_VS_geneid_S_longest_isoform_from0_to200,geneid_R_longest_isoform_from0_to200,geneid_S_longest_isoform_from0_to200,novel_exon_perc,7.1
geneid_S_longest_isoform_from0_to200_VS_geneid_simple_longest_isoform_from0_to200,geneid_S_longest_isoform_from0_to200,geneid_simple_longest_isoform_from0_to200,novel_exon_perc,14.3
geneid_RS_longest_isoform_from0_to200_VS_geneid_R_longest_isoform_from0_to200,geneid_RS_longest_isoform_from0_to200,geneid_R_longest_isoform_from0_to200,novel_exon_perc,6.7
geneid_R_longest_isoform_from0_to200_VS_geneid_RS_longest_isoform_from0_to200,geneid_R_longest_isoform_from0_to200,geneid_RS_longest_isoform_from0_to200,novel_exon_perc,22.2
geneid_R_longest_isoform_from0_to200_VS_geneid_simple_longest_isoform_from0_to200,geneid_R_longest_isoform_from0_to200,geneid_simple_longest_isoform_from0_to200,novel_exon_perc,0.0
geneid_RS_longest_isoform_from0_to200_VS_geneid_S_longest_isoform_from0_to200,geneid_RS_longest_isoform_from0_to200,geneid_S_longest_isoform_from0_to200,novel_exon_perc,0.0
geneid_simple_longest_isoform_from0_to200_VS_geneid_RS_longest_isoform_from0_to200,geneid_simple_longest_isoform_from0_to200,geneid_RS_longest_isoform_from0_to200,novel_exon_perc,27.8
geneid_simple_longest_isoform_from0_to200_VS_geneid_S_longest_isoform_from0_to200,geneid_simple_longest_isoform_from0_to200,geneid_S_longest_isoform_from0_to200,novel_exon_perc,14.3
geneid_simple_longest_isoform_from0_to200_VS_CNAC_ref_longest_isoform_from0_to200,geneid_simple_longest_isoform_from0_to200,CNAC_ref_longest_isoform_from0_to200,novel_exon_perc,100.0
geneid_simple_longest_isoform_from0_to200_VS_geneid_R_longest_isoform_from0_to200,geneid_simple_longest_isoform_from0_to200,geneid_R_longest_isoform_from0_to200,novel_exon_perc,6.7
CNAC_ref_longest_isoform_from0_to200_VS_geneid_RS_longest_isoform_from0_to200,CNAC_ref_longest_isoform_from0_to200,geneid_RS_longest_isoform_from0_to200,missed_loci_prop,29/29
CNAC_ref_longest_isoform_from0_to200_VS_geneid_S_longest_isoform_from0_to200,CNAC_ref_longest_isoform_from0_to200,geneid_S_longest_isoform_from0_to200,missed_loci_prop,29/29
CNAC_ref_longest_isoform_from0_to200_VS_geneid_simple_longest_isoform_from0_to200,CNAC_ref_longest_isoform_from0_to200,geneid_simple_longest_isoform_from0_to200,missed_loci_prop,29/29
geneid_S_longest_isoform_from0_to200_VS_CNAC_ref_longest_isoform_from0_to200,geneid_S_longest_isoform_from0_to200,CNAC_ref_longest_isoform_from0_to200,missed_loci_prop,14/14
CNAC_ref_longest_isoform_from0_to200_VS_geneid_R_longest_isoform_from0_to200,CNAC_ref_longest_isoform_from0_to200,geneid_R_longest_isoform_from0_to200,missed_loci_prop,29/29
geneid_RS_longest_isoform_from0_to200_VS_CNAC_ref_longest_isoform_from0_to200,geneid_RS_longest_isoform_from0_to200,CNAC_ref_longest_isoform_from0_to200,missed_loci_prop,
geneid_S_longest_isoform_from0_to200_VS_geneid_RS_longest_isoform_from0_to200,geneid_S_longest_isoform_from0_to200,geneid_RS_longest_isoform_from0_to200,missed_loci_prop,0/14
geneid_S_longest_isoform_from0_to200_VS_geneid_R_longest_isoform_from0_to200,geneid_S_longest_isoform_from0_to200,geneid_R_longest_isoform_from0_to200,missed_loci_prop,1/14
geneid_RS_longest_isoform_from0_to200_VS_geneid_simple_longest_isoform_from0_to200,geneid_RS_longest_isoform_from0_to200,geneid_simple_longest_isoform_from0_to200,missed_loci_prop,
geneid_R_longest_isoform_from0_to200_VS_CNAC_ref_longest_isoform_from0_to200,geneid_R_longest_isoform_from0_to200,CNAC_ref_longest_isoform_from0_to200,missed_loci_prop,15/15
geneid_R_longest_isoform_from0_to200_VS_geneid_S_longest_isoform_from0_to200,geneid_R_longest_isoform_from0_to200,geneid_S_longest_isoform_from0_to200,missed_loci_prop,2/15
geneid_S_longest_isoform_from0_to200_VS_geneid_simple_longest_isoform_from0_to200,geneid_S_longest_isoform_from0_to200,geneid_simple_longest_isoform_from0_to200,missed_loci_prop,2/14
geneid_RS_longest_isoform_from0_to200_VS_geneid_R_longest_isoform_from0_to200,geneid_RS_longest_isoform_from0_to200,geneid_R_longest_isoform_from0_to200,missed_loci_prop,
geneid_R_longest_isoform_from0_to200_VS_geneid_RS_longest_isoform_from0_to200,geneid_R_longest_isoform_from0_to200,geneid_RS_longest_isoform_from0_to200,missed_loci_prop,1/15
geneid_R_longest_isoform_from0_to200_VS_geneid_simple_longest_isoform_from0_to200,geneid_R_longest_isoform_from0_to200,geneid_simple_longest_isoform_from0_to200,missed_loci_prop,1/15
geneid_RS_longest_isoform_from0_to200_VS_geneid_S_longest_isoform_from0_to200,geneid_RS_longest_isoform_from0_to200,geneid_S_longest_isoform_from0_to200,missed_loci_prop,
geneid_simple_longest_isoform_from0_to200_VS_geneid_RS_longest_isoform_from0_to200,geneid_simple_longest_isoform_from0_to200,geneid_RS_longest_isoform_from0_to200,missed_loci_prop,1/14
geneid_simple_longest_isoform_from0_to200_VS_geneid_S_longest_isoform_from0_to200,geneid_simple_longest_isoform_from0_to200,geneid_S_longest_isoform_from0_to200,missed_loci_prop,2/14
geneid_simple_longest_isoform_from0_to200_VS_CNAC_ref_longest_isoform_from0_to200,geneid_simple_longest_isoform_from0_to200,CNAC_ref_longest_isoform_from0_to200,missed_loci_prop,14/14
geneid_simple_longest_isoform_from0_to200_VS_geneid_R_longest_isoform_from0_to200,geneid_simple_longest_isoform_from0_to200,geneid_R_longest_isoform_from0_to200,missed_loci_prop,0/14
CNAC_ref_longest_isoform_from0_to200_VS_geneid_RS_longest_isoform_from0_to200,CNAC_ref_longest_isoform_from0_to200,geneid_RS_longest_isoform_from0_to200,missed_loci_perc,100.0
CNAC_ref_longest_isoform_from0_to200_VS_geneid_S_longest_isoform_from0_to200,CNAC_ref_longest_isoform_from0_to200,geneid_S_longest_isoform_from0_to200,missed_loci_perc,100.0
CNAC_ref_longest_isoform_from0_to200_VS_geneid_simple_longest_isoform_from0_to200,CNAC_ref_longest_isoform_from0_to200,geneid_simple_longest_isoform_from0_to200,missed_loci_perc,100.0
geneid_S_longest_isoform_from0_to200_VS_CNAC_ref_longest_isoform_from0_to200,geneid_S_longest_isoform_from0_to200,CNAC_ref_longest_isoform_from0_to200,missed_loci_perc,100.0
CNAC_ref_longest_isoform_from0_to200_VS_geneid_R_longest_isoform_from0_to200,CNAC_ref_longest_isoform_from0_to200,geneid_R_longest_isoform_from0_to200,missed_loci_perc,100.0
geneid_RS_longest_isoform_from0_to200_VS_CNAC_ref_longest_isoform_from0_to200,geneid_RS_longest_isoform_from0_to200,CNAC_ref_longest_isoform_from0_to200,missed_loci_perc,
geneid_S_longest_isoform_from0_to200_VS_geneid_RS_longest_isoform_from0_to200,geneid_S_longest_isoform_from0_to200,geneid_RS_longest_isoform_from0_to200,missed_loci_perc,0.0
geneid_S_longest_isoform_from0_to200_VS_geneid_R_longest_isoform_from0_to200,geneid_S_longest_isoform_from0_to200,geneid_R_longest_isoform_from0_to200,missed_loci_perc,7.1
geneid_RS_longest_isoform_from0_to200_VS_geneid_simple_longest_isoform_from0_to200,geneid_RS_longest_isoform_from0_to200,geneid_simple_longest_isoform_from0_to200,missed_loci_perc,
geneid_R_longest_isoform_from0_to200_VS_CNAC_ref_longest_isoform_from0_to200,geneid_R_longest_isoform_from0_to200,CNAC_ref_longest_isoform_from0_to200,missed_loci_perc,100.0
geneid_R_longest_isoform_from0_to200_VS_geneid_S_longest_isoform_from0_to200,geneid_R_longest_isoform_from0_to200,geneid_S_longest_isoform_from0_to200,missed_loci_perc,13.3
geneid_S_longest_isoform_from0_to200_VS_geneid_simple_longest_isoform_from0_to200,geneid_S_longest_isoform_from0_to200,geneid_simple_longest_isoform_from0_to200,missed_loci_perc,14.3
geneid_RS_longest_isoform_from0_to200_VS_geneid_R_longest_isoform_from0_to200,geneid_RS_longest_isoform_from0_to200,geneid_R_longest_isoform_from0_to200,missed_loci_perc,
geneid_R_longest_isoform_from0_to200_VS_geneid_RS_longest_isoform_from0_to200,geneid_R_longest_isoform_from0_to200,geneid_RS_longest_isoform_from0_to200,missed_loci_perc,6.7
geneid_R_longest_isoform_from0_to200_VS_geneid_simple_longest_isoform_from0_to200,geneid_R_longest_isoform_from0_to200,geneid_simple_longest_isoform_from0_to200,missed_loci_perc,6.7
geneid_RS_longest_isoform_from0_to200_VS_geneid_S_longest_isoform_from0_to200,geneid_RS_longest_isoform_from0_to200,geneid_S_longest_isoform_from0_to200,missed_loci_perc,
geneid_simple_longest_isoform_from0_to200_VS_geneid_RS_longest_isoform_from0_to200,geneid_simple_longest_isoform_from0_to200,geneid_RS_longest_isoform_from0_to200,missed_loci_perc,7.1
geneid_simple_longest_isoform_from0_to200_VS_geneid_S_longest_isoform_from0_to200,geneid_simple_longest_isoform_from0_to200,geneid_S_longest_isoform_from0_to200,missed_loci_perc,14.3
geneid_simple_longest_isoform_from0_to200_VS_CNAC_ref_longest_isoform_from0_to200,geneid_simple_longest_isoform_from0_to200,CNAC_ref_longest_isoform_from0_to200,missed_loci_perc,100.0
geneid_simple_longest_isoform_from0_to200_VS_geneid_R_longest_isoform_from0_to200,geneid_simple_longest_isoform_from0_to200,geneid_R_longest_isoform_from0_to200,missed_loci_perc,0.0
CNAC_ref_longest_isoform_from0_to200_VS_geneid_RS_longest_isoform_from0_to200,CNAC_ref_longest_isoform_from0_to200,geneid_RS_longest_isoform_from0_to200,novel_loci_prop,
CNAC_ref_longest_isoform_from0_to200_VS_geneid_S_longest_isoform_from0_to200,CNAC_ref_longest_isoform_from0_to200,geneid_S_longest_isoform_from0_to200,novel_loci_prop,14/14
CNAC_ref_longest_isoform_from0_to200_VS_geneid_simple_longest_isoform_from0_to200,CNAC_ref_longest_isoform_from0_to200,geneid_simple_longest_isoform_from0_to200,novel_loci_prop,14/14
geneid_S_longest_isoform_from0_to200_VS_CNAC_ref_longest_isoform_from0_to200,geneid_S_longest_isoform_from0_to200,CNAC_ref_longest_isoform_from0_to200,novel_loci_prop,29/29
CNAC_ref_longest_isoform_from0_to200_VS_geneid_R_longest_isoform_from0_to200,CNAC_ref_longest_isoform_from0_to200,geneid_R_longest_isoform_from0_to200,novel_loci_prop,15/15
geneid_RS_longest_isoform_from0_to200_VS_CNAC_ref_longest_isoform_from0_to200,geneid_RS_longest_isoform_from0_to200,CNAC_ref_longest_isoform_from0_to200,novel_loci_prop,
geneid_S_longest_isoform_from0_to200_VS_geneid_RS_longest_isoform_from0_to200,geneid_S_longest_isoform_from0_to200,geneid_RS_longest_isoform_from0_to200,novel_loci_prop,
geneid_S_longest_isoform_from0_to200_VS_geneid_R_longest_isoform_from0_to200,geneid_S_longest_isoform_from0_to200,geneid_R_longest_isoform_from0_to200,novel_loci_prop,2/15
geneid_RS_longest_isoform_from0_to200_VS_geneid_simple_longest_isoform_from0_to200,geneid_RS_longest_isoform_from0_to200,geneid_simple_longest_isoform_from0_to200,novel_loci_prop,
geneid_R_longest_isoform_from0_to200_VS_CNAC_ref_longest_isoform_from0_to200,geneid_R_longest_isoform_from0_to200,CNAC_ref_longest_isoform_from0_to200,novel_loci_prop,29/29
geneid_R_longest_isoform_from0_to200_VS_geneid_S_longest_isoform_from0_to200,geneid_R_longest_isoform_from0_to200,geneid_S_longest_isoform_from0_to200,novel_loci_prop,1/14
geneid_S_longest_isoform_from0_to200_VS_geneid_simple_longest_isoform_from0_to200,geneid_S_longest_isoform_from0_to200,geneid_simple_longest_isoform_from0_to200,novel_loci_prop,2/14
geneid_RS_longest_isoform_from0_to200_VS_geneid_R_longest_isoform_from0_to200,geneid_RS_longest_isoform_from0_to200,geneid_R_longest_isoform_from0_to200,novel_loci_prop,
geneid_R_longest_isoform_from0_to200_VS_geneid_RS_longest_isoform_from0_to200,geneid_R_longest_isoform_from0_to200,geneid_RS_longest_isoform_from0_to200,novel_loci_prop,
geneid_R_longest_isoform_from0_to200_VS_geneid_simple_longest_isoform_from0_to200,geneid_R_longest_isoform_from0_to200,geneid_simple_longest_isoform_from0_to200,novel_loci_prop,0/14
geneid_RS_longest_isoform_from0_to200_VS_geneid_S_longest_isoform_from0_to200,geneid_RS_longest_isoform_from0_to200,geneid_S_longest_isoform_from0_to200,novel_loci_prop,
geneid_simple_longest_isoform_from0_to200_VS_geneid_RS_longest_isoform_from0_to200,geneid_simple_longest_isoform_from0_to200,geneid_RS_longest_isoform_from0_to200,novel_loci_prop,
geneid_simple_longest_isoform_from0_to200_VS_geneid_S_longest_isoform_from0_to200,geneid_simple_longest_isoform_from0_to200,geneid_S_longest_isoform_from0_to200,novel_loci_prop,2/14
geneid_simple_longest_isoform_from0_to200_VS_CNAC_ref_longest_isoform_from0_to200,geneid_simple_longest_isoform_from0_to200,CNAC_ref_longest_isoform_from0_to200,novel_loci_prop,29/29
geneid_simple_longest_isoform_from0_to200_VS_geneid_R_longest_isoform_from0_to200,geneid_simple_longest_isoform_from0_to200,geneid_R_longest_isoform_from0_to200,novel_loci_prop,1/15
CNAC_ref_longest_isoform_from0_to200_VS_geneid_RS_longest_isoform_from0_to200,CNAC_ref_longest_isoform_from0_to200,geneid_RS_longest_isoform_from0_to200,novel_loci_perc,
CNAC_ref_longest_isoform_from0_to200_VS_geneid_S_longest_isoform_from0_to200,CNAC_ref_longest_isoform_from0_to200,geneid_S_longest_isoform_from0_to200,novel_loci_perc,100.0
CNAC_ref_longest_isoform_from0_to200_VS_geneid_simple_longest_isoform_from0_to200,CNAC_ref_longest_isoform_from0_to200,geneid_simple_longest_isoform_from0_to200,novel_loci_perc,100.0
geneid_S_longest_isoform_from0_to200_VS_CNAC_ref_longest_isoform_from0_to200,geneid_S_longest_isoform_from0_to200,CNAC_ref_longest_isoform_from0_to200,novel_loci_perc,100.0
CNAC_ref_longest_isoform_from0_to200_VS_geneid_R_longest_isoform_from0_to200,CNAC_ref_longest_isoform_from0_to200,geneid_R_longest_isoform_from0_to200,novel_loci_perc,100.0
geneid_RS_longest_isoform_from0_to200_VS_CNAC_ref_longest_isoform_from0_to200,geneid_RS_longest_isoform_from0_to200,CNAC_ref_longest_isoform_from0_to200,novel_loci_perc,
geneid_S_longest_isoform_from0_to200_VS_geneid_RS_longest_isoform_from0_to200,geneid_S_longest_isoform_from0_to200,geneid_RS_longest_isoform_from0_to200,novel_loci_perc,
geneid_S_longest_isoform_from0_to200_VS_geneid_R_longest_isoform_from0_to200,geneid_S_longest_isoform_from0_to200,geneid_R_longest_isoform_from0_to200,novel_loci_perc,13.3
geneid_RS_longest_isoform_from0_to200_VS_geneid_simple_longest_isoform_from0_to200,geneid_RS_longest_isoform_from0_to200,geneid_simple_longest_isoform_from0_to200,novel_loci_perc,
geneid_R_longest_isoform_from0_to200_VS_CNAC_ref_longest_isoform_from0_to200,geneid_R_longest_isoform_from0_to200,CNAC_ref_longest_isoform_from0_to200,novel_loci_perc,100.0
geneid_R_longest_isoform_from0_to200_VS_geneid_S_longest_isoform_from0_to200,geneid_R_longest_isoform_from0_to200,geneid_S_longest_isoform_from0_to200,novel_loci_perc,7.1
geneid_S_longest_isoform_from0_to200_VS_geneid_simple_longest_isoform_from0_to200,geneid_S_longest_isoform_from0_to200,geneid_simple_longest_isoform_from0_to200,novel_loci_perc,14.3
geneid_RS_longest_isoform_from0_to200_VS_geneid_R_longest_isoform_from0_to200,geneid_RS_longest_isoform_from0_to200,geneid_R_longest_isoform_from0_to200,novel_loci_perc,
geneid_R_longest_isoform_from0_to200_VS_geneid_RS_longest_isoform_from0_to200,geneid_R_longest_isoform_from0_to200,geneid_RS_longest_isoform_from0_to200,novel_loci_perc,
geneid_R_longest_isoform_from0_to200_VS_geneid_simple_longest_isoform_from0_to200,geneid_R_longest_isoform_from0_to200,geneid_simple_longest_isoform_from0_to200,novel_loci_perc,0.0
geneid_RS_longest_isoform_from0_to200_VS_geneid_S_longest_isoform_from0_to200,geneid_RS_longest_isoform_from0_to200,geneid_S_longest_isoform_from0_to200,novel_loci_perc,
geneid_simple_longest_isoform_from0_to200_VS_geneid_RS_longest_isoform_from0_to200,geneid_simple_longest_isoform_from0_to200,geneid_RS_longest_isoform_from0_to200,novel_loci_perc,
geneid_simple_longest_isoform_from0_to200_VS_geneid_S_longest_isoform_from0_to200,geneid_simple_longest_isoform_from0_to200,geneid_S_longest_isoform_from0_to200,novel_loci_perc,14.3
geneid_simple_longest_isoform_from0_to200_VS_CNAC_ref_longest_isoform_from0_to200,geneid_simple_longest_isoform_from0_to200,CNAC_ref_longest_isoform_from0_to200,novel_loci_perc,100.0
geneid_simple_longest_isoform_from0_to200_VS_geneid_R_longest_isoform_from0_to200,geneid_simple_longest_isoform_from0_to200,geneid_R_longest_isoform_from0_to200,novel_loci_perc,6.7
CNAC_ref_longest_isoform_from0_to200_VS_geneid_RS_longest_isoform_from0_to200,CNAC_ref_longest_isoform_from0_to200,geneid_RS_longest_isoform_from0_to200,base_level_F1,0.0
CNAC_ref_longest_isoform_from0_to200_VS_geneid_S_longest_isoform_from0_to200,CNAC_ref_longest_isoform_from0_to200,geneid_S_longest_isoform_from0_to200,base_level_F1,0.0
CNAC_ref_longest_isoform_from0_to200_VS_geneid_simple_longest_isoform_from0_to200,CNAC_ref_longest_isoform_from0_to200,geneid_simple_longest_isoform_from0_to200,base_level_F1,0.0
geneid_S_longest_isoform_from0_to200_VS_CNAC_ref_longest_isoform_from0_to200,geneid_S_longest_isoform_from0_to200,CNAC_ref_longest_isoform_from0_to200,base_level_F1,0.0
CNAC_ref_longest_isoform_from0_to200_VS_geneid_R_longest_isoform_from0_to200,CNAC_ref_longest_isoform_from0_to200,geneid_R_longest_isoform_from0_to200,base_level_F1,0.0
geneid_RS_longest_isoform_from0_to200_VS_CNAC_ref_longest_isoform_from0_to200,geneid_RS_longest_isoform_from0_to200,CNAC_ref_longest_isoform_from0_to200,base_level_F1,0.0
geneid_S_longest_isoform_from0_to200_VS_geneid_RS_longest_isoform_from0_to200,geneid_S_longest_isoform_from0_to200,geneid_RS_longest_isoform_from0_to200,base_level_F1,91.5
geneid_S_longest_isoform_from0_to200_VS_geneid_R_longest_isoform_from0_to200,geneid_S_longest_isoform_from0_to200,geneid_R_longest_isoform_from0_to200,base_level_F1,91.7
geneid_RS_longest_isoform_from0_to200_VS_geneid_simple_longest_isoform_from0_to200,geneid_RS_longest_isoform_from0_to200,geneid_simple_longest_isoform_from0_to200,base_level_F1,85.3
geneid_R_longest_isoform_from0_to200_VS_CNAC_ref_longest_isoform_from0_to200,geneid_R_longest_isoform_from0_to200,CNAC_ref_longest_isoform_from0_to200,base_level_F1,0.0
geneid_R_longest_isoform_from0_to200_VS_geneid_S_longest_isoform_from0_to200,geneid_R_longest_isoform_from0_to200,geneid_S_longest_isoform_from0_to200,base_level_F1,91.7
geneid_S_longest_isoform_from0_to200_VS_geneid_simple_longest_isoform_from0_to200,geneid_S_longest_isoform_from0_to200,geneid_simple_longest_isoform_from0_to200,base_level_F1,88.1
geneid_RS_longest_isoform_from0_to200_VS_geneid_R_longest_isoform_from0_to200,geneid_RS_longest_isoform_from0_to200,geneid_R_longest_isoform_from0_to200,base_level_F1,88.7
geneid_R_longest_isoform_from0_to200_VS_geneid_RS_longest_isoform_from0_to200,geneid_R_longest_isoform_from0_to200,geneid_RS_longest_isoform_from0_to200,base_level_F1,88.7
geneid_R_longest_isoform_from0_to200_VS_geneid_simple_longest_isoform_from0_to200,geneid_R_longest_isoform_from0_to200,geneid_simple_longest_isoform_from0_to200,base_level_F1,96.8
geneid_RS_longest_isoform_from0_to200_VS_geneid_S_longest_isoform_from0_to200,geneid_RS_longest_isoform_from0_to200,geneid_S_longest_isoform_from0_to200,base_level_F1,91.5
geneid_simple_longest_isoform_from0_to200_VS_geneid_RS_longest_isoform_from0_to200,geneid_simple_longest_isoform_from0_to200,geneid_RS_longest_isoform_from0_to200,base_level_F1,85.3
geneid_simple_longest_isoform_from0_to200_VS_geneid_S_longest_isoform_from0_to200,geneid_simple_longest_isoform_from0_to200,geneid_S_longest_isoform_from0_to200,base_level_F1,88.1
geneid_simple_longest_isoform_from0_to200_VS_CNAC_ref_longest_isoform_from0_to200,geneid_simple_longest_isoform_from0_to200,CNAC_ref_longest_isoform_from0_to200,base_level_F1,0.0
geneid_simple_longest_isoform_from0_to200_VS_geneid_R_longest_isoform_from0_to200,geneid_simple_longest_isoform_from0_to200,geneid_R_longest_isoform_from0_to200,base_level_F1,96.8
CNAC_ref_longest_isoform_from0_to200_VS_geneid_RS_longest_isoform_from0_to200,CNAC_ref_longest_isoform_from0_to200,geneid_RS_longest_isoform_from0_to200,exon_level_F1,0.0
CNAC_ref_longest_isoform_from0_to200_VS_geneid_S_longest_isoform_from0_to200,CNAC_ref_longest_isoform_from0_to200,geneid_S_longest_isoform_from0_to200,exon_level_F1,0.0
CNAC_ref_longest_isoform_from0_to200_VS_geneid_simple_longest_isoform_from0_to200,CNAC_ref_longest_isoform_from0_to200,geneid_simple_longest_isoform_from0_to200,exon_level_F1,0.0
geneid_S_longest_isoform_from0_to200_VS_CNAC_ref_longest_isoform_from0_to200,geneid_S_longest_isoform_from0_to200,CNAC_ref_longest_isoform_from0_to200,exon_level_F1,0.0
CNAC_ref_longest_isoform_from0_to200_VS_geneid_R_longest_isoform_from0_to200,CNAC_ref_longest_isoform_from0_to200,geneid_R_longest_isoform_from0_to200,exon_level_F1,0.0
geneid_RS_longest_isoform_from0_to200_VS_CNAC_ref_longest_isoform_from0_to200,geneid_RS_longest_isoform_from0_to200,CNAC_ref_longest_isoform_from0_to200,exon_level_F1,0.0
geneid_S_longest_isoform_from0_to200_VS_geneid_RS_longest_isoform_from0_to200,geneid_S_longest_isoform_from0_to200,geneid_RS_longest_isoform_from0_to200,exon_level_F1,87.5
geneid_S_longest_isoform_from0_to200_VS_geneid_R_longest_isoform_from0_to200,geneid_S_longest_isoform_from0_to200,geneid_R_longest_isoform_from0_to200,exon_level_F1,89.7
geneid_RS_longest_isoform_from0_to200_VS_geneid_simple_longest_isoform_from0_to200,geneid_RS_longest_isoform_from0_to200,geneid_simple_longest_isoform_from0_to200,exon_level_F1,81.3
geneid_R_longest_isoform_from0_to200_VS_CNAC_ref_longest_isoform_from0_to200,geneid_R_longest_isoform_from0_to200,CNAC_ref_longest_isoform_from0_to200,exon_level_F1,0.0
geneid_R_longest_isoform_from0_to200_VS_geneid_S_longest_isoform_from0_to200,geneid_R_longest_isoform_from0_to200,geneid_S_longest_isoform_from0_to200,exon_level_F1,89.7
geneid_S_longest_isoform_from0_to200_VS_geneid_simple_longest_isoform_from0_to200,geneid_S_longest_isoform_from0_to200,geneid_simple_longest_isoform_from0_to200,exon_level_F1,85.7
geneid_RS_longest_isoform_from0_to200_VS_geneid_R_longest_isoform_from0_to200,geneid_RS_longest_isoform_from0_to200,geneid_R_longest_isoform_from0_to200,exon_level_F1,84.8
geneid_R_longest_isoform_from0_to200_VS_geneid_RS_longest_isoform_from0_to200,geneid_R_longest_isoform_from0_to200,geneid_RS_longest_isoform_from0_to200,exon_level_F1,84.8
geneid_R_longest_isoform_from0_to200_VS_geneid_simple_longest_isoform_from0_to200,geneid_R_longest_isoform_from0_to200,geneid_simple_longest_isoform_from0_to200,exon_level_F1,96.5
geneid_RS_longest_isoform_from0_to200_VS_geneid_S_longest_isoform_from0_to200,geneid_RS_longest_isoform_from0_to200,geneid_S_longest_isoform_from0_to200,exon_level_F1,87.5
geneid_simple_longest_isoform_from0_to200_VS_geneid_RS_longest_isoform_from0_to200,geneid_simple_longest_isoform_from0_to200,geneid_RS_longest_isoform_from0_to200,exon_level_F1,81.3
geneid_simple_longest_isoform_from0_to200_VS_geneid_S_longest_isoform_from0_to200,geneid_simple_longest_isoform_from0_to200,geneid_S_longest_isoform_from0_to200,exon_level_F1,85.7
geneid_simple_longest_isoform_from0_to200_VS_CNAC_ref_longest_isoform_from0_to200,geneid_simple_longest_isoform_from0_to200,CNAC_ref_longest_isoform_from0_to200,exon_level_F1,0.0
geneid_simple_longest_isoform_from0_to200_VS_geneid_R_longest_isoform_from0_to200,geneid_simple_longest_isoform_from0_to200,geneid_R_longest_isoform_from0_to200,exon_level_F1,96.5
CNAC_ref_longest_isoform_from0_to200_VS_geneid_RS_longest_isoform_from0_to200,CNAC_ref_longest_isoform_from0_to200,geneid_RS_longest_isoform_from0_to200,transcript_level_F1,0
CNAC_ref_longest_isoform_from0_to200_VS_geneid_S_longest_isoform_from0_to200,CNAC_ref_longest_isoform_from0_to200,geneid_S_longest_isoform_from0_to200,transcript_level_F1,0
CNAC_ref_longest_isoform_from0_to200_VS_geneid_simple_longest_isoform_from0_to200,CNAC_ref_longest_isoform_from0_to200,geneid_simple_longest_isoform_from0_to200,transcript_level_F1,0
geneid_S_longest_isoform_from0_to200_VS_CNAC_ref_longest_isoform_from0_to200,geneid_S_longest_isoform_from0_to200,CNAC_ref_longest_isoform_from0_to200,transcript_level_F1,0
CNAC_ref_longest_isoform_from0_to200_VS_geneid_R_longest_isoform_from0_to200,CNAC_ref_longest_isoform_from0_to200,geneid_R_longest_isoform_from0_to200,transcript_level_F1,0
geneid_RS_longest_isoform_from0_to200_VS_CNAC_ref_longest_isoform_from0_to200,geneid_RS_longest_isoform_from0_to200,CNAC_ref_longest_isoform_from0_to200,transcript_level_F1,0
geneid_S_longest_isoform_from0_to200_VS_geneid_RS_longest_isoform_from0_to200,geneid_S_longest_isoform_from0_to200,geneid_RS_longest_isoform_from0_to200,transcript_level_F1,0
geneid_S_longest_isoform_from0_to200_VS_geneid_R_longest_isoform_from0_to200,geneid_S_longest_isoform_from0_to200,geneid_R_longest_isoform_from0_to200,transcript_level_F1,0
geneid_RS_longest_isoform_from0_to200_VS_geneid_simple_longest_isoform_from0_to200,geneid_RS_longest_isoform_from0_to200,geneid_simple_longest_isoform_from0_to200,transcript_level_F1,0
geneid_R_longest_isoform_from0_to200_VS_CNAC_ref_longest_isoform_from0_to200,geneid_R_longest_isoform_from0_to200,CNAC_ref_longest_isoform_from0_to200,transcript_level_F1,0
geneid_R_longest_isoform_from0_to200_VS_geneid_S_longest_isoform_from0_to200,geneid_R_longest_isoform_from0_to200,geneid_S_longest_isoform_from0_to200,transcript_level_F1,0
geneid_S_longest_isoform_from0_to200_VS_geneid_simple_longest_isoform_from0_to200,geneid_S_longest_isoform_from0_to200,geneid_simple_longest_isoform_from0_to200,transcript_level_F1,0
geneid_RS_longest_isoform_from0_to200_VS_geneid_R_longest_isoform_from0_to200,geneid_RS_longest_isoform_from0_to200,geneid_R_longest_isoform_from0_to200,transcript_level_F1,0
geneid_R_longest_isoform_from0_to200_VS_geneid_RS_longest_isoform_from0_to200,geneid_R_longest_isoform_from0_to200,geneid_RS_longest_isoform_from0_to200,transcript_level_F1,0
geneid_R_longest_isoform_from0_to200_VS_geneid_simple_longest_isoform_from0_to200,geneid_R_longest_isoform_from0_to200,geneid_simple_longest_isoform_from0_to200,transcript_level_F1,0
geneid_RS_longest_isoform_from0_to200_VS_geneid_S_longest_isoform_from0_to200,geneid_RS_longest_isoform_from0_to200,geneid_S_longest_isoform_from0_to200,transcript_level_F1,0
geneid_simple_longest_isoform_from0_to200_VS_geneid_RS_longest_isoform_from0_to200,geneid_simple_longest_isoform_from0_to200,geneid_RS_longest_isoform_from0_to200,transcript_level_F1,0
geneid_simple_longest_isoform_from0_to200_VS_geneid_S_longest_isoform_from0_to200,geneid_simple_longest_isoform_from0_to200,geneid_S_longest_isoform_from0_to200,transcript_level_F1,0
geneid_simple_longest_isoform_from0_to200_VS_CNAC_ref_longest_isoform_from0_to200,geneid_simple_longest_isoform_from0_to200,CNAC_ref_longest_isoform_from0_to200,transcript_level_F1,0
geneid_simple_longest_isoform_from0_to200_VS_geneid_R_longest_isoform_from0_to200,geneid_simple_longest_isoform_from0_to200,geneid_R_longest_isoform_from0_to200,transcript_level_F1,0
CNAC_ref_longest_isoform_from0_to200_VS_geneid_RS_longest_isoform_from0_to200,CNAC_ref_longest_isoform_from0_to200,geneid_RS_longest_isoform_from0_to200,locus_level_F1,0
CNAC_ref_longest_isoform_from0_to200_VS_geneid_S_longest_isoform_from0_to200,CNAC_ref_longest_isoform_from0_to200,geneid_S_longest_isoform_from0_to200,locus_level_F1,0
CNAC_ref_longest_isoform_from0_to200_VS_geneid_simple_longest_isoform_from0_to200,CNAC_ref_longest_isoform_from0_to200,geneid_simple_longest_isoform_from0_to200,locus_level_F1,0
geneid_S_longest_isoform_from0_to200_VS_CNAC_ref_longest_isoform_from0_to200,geneid_S_longest_isoform_from0_to200,CNAC_ref_longest_isoform_from0_to200,locus_level_F1,0
CNAC_ref_longest_isoform_from0_to200_VS_geneid_R_longest_isoform_from0_to200,CNAC_ref_longest_isoform_from0_to200,geneid_R_longest_isoform_from0_to200,locus_level_F1,0
geneid_RS_longest_isoform_from0_to200_VS_CNAC_ref_longest_isoform_from0_to200,geneid_RS_longest_isoform_from0_to200,CNAC_ref_longest_isoform_from0_to200,locus_level_F1,0
geneid_S_longest_isoform_from0_to200_VS_geneid_RS_longest_isoform_from0_to200,geneid_S_longest_isoform_from0_to200,geneid_RS_longest_isoform_from0_to200,locus_level_F1,0
geneid_S_longest_isoform_from0_to200_VS_geneid_R_longest_isoform_from0_to200,geneid_S_longest_isoform_from0_to200,geneid_R_longest_isoform_from0_to200,locus_level_F1,0
geneid_RS_longest_isoform_from0_to200_VS_geneid_simple_longest_isoform_from0_to200,geneid_RS_longest_isoform_from0_to200,geneid_simple_longest_isoform_from0_to200,locus_level_F1,0
geneid_R_longest_isoform_from0_to200_VS_CNAC_ref_longest_isoform_from0_to200,geneid_R_longest_isoform_from0_to200,CNAC_ref_longest_isoform_from0_to200,locus_level_F1,0
geneid_R_longest_isoform_from0_to200_VS_geneid_S_longest_isoform_from0_to200,geneid_R_longest_isoform_from0_to200,geneid_S_longest_isoform_from0_to200,locus_level_F1,0
geneid_S_longest_isoform_from0_to200_VS_geneid_simple_longest_isoform_from0_to200,geneid_S_longest_isoform_from0_to200,geneid_simple_longest_isoform_from0_to200,locus_level_F1,0
geneid_RS_longest_isoform_from0_to200_VS_geneid_R_longest_isoform_from0_to200,geneid_RS_longest_isoform_from0_to200,geneid_R_longest_isoform_from0_to200,locus_level_F1,0
geneid_R_longest_isoform_from0_to200_VS_geneid_RS_longest_isoform_from0_to200,geneid_R_longest_isoform_from0_to200,geneid_RS_longest_isoform_from0_to200,locus_level_F1,0
geneid_R_longest_isoform_from0_to200_VS_geneid_simple_longest_isoform_from0_to200,geneid_R_longest_isoform_from0_to200,geneid_simple_longest_isoform_from0_to200,locus_level_F1,0
geneid_RS_longest_isoform_from0_to200_VS_geneid_S_longest_isoform_from0_to200,geneid_RS_longest_isoform_from0_to200,geneid_S_longest_isoform_from0_to200,locus_level_F1,0
geneid_simple_longest_isoform_from0_to200_VS_geneid_RS_longest_isoform_from0_to200,geneid_simple_longest_isoform_from0_to200,geneid_RS_longest_isoform_from0_to200,locus_level_F1,0
geneid_simple_longest_isoform_from0_to200_VS_geneid_S_longest_isoform_from0_to200,geneid_simple_longest_isoform_from0_to200,geneid_S_longest_isoform_from0_to200,locus_level_F1,0
geneid_simple_longest_isoform_from0_to200_VS_CNAC_ref_longest_isoform_from0_to200,geneid_simple_longest_isoform_from0_to200,CNAC_ref_longest_isoform_from0_to200,locus_level_F1,0
geneid_simple_longest_isoform_from0_to200_VS_geneid_R_longest_isoform_from0_to200,geneid_simple_longest_isoform_from0_to200,geneid_R_longest_isoform_from0_to200,locus_level_F1,0
